"ID","proxy_site","description","address","city","start_date","end_date","lat","lon","NO2.b0","NO2.b1","NO2.b2","NO2.b0_kl","NO2.b1_kl","NO2.b2_kl"
"AQY BB-607","San Pablo - Rumrill","Pt. San Pablo Harbor","1900 Stenmark Drive","Pt. San Pablo",2019-12-05,"2019-12-06",37.962284,-122.418807,"0","1","1","0","1","1"
"AQY BB-607","San Pablo - Rumrill","Pt. San Pablo Harbor","1900 Stenmark Drive","Pt. San Pablo",2019-12-07,"2019-12-13",37.962284,-122.418807,"21.1452134228262","1.3170937302908","1.3170937302908","17.4696001730194","-0.108137518838332","0.291397677945516"
"AQY BB-607","San Pablo - Rumrill","Pt. San Pablo Harbor","1900 Stenmark Drive","Pt. San Pablo",2019-12-14,"2019-12-27",37.962284,-122.418807,"18.9518357851387","1.03512454387383","1.03512454387383","17.6244954295702","-0.0938350997870437","0.307696312531418"
"AQY BB-607","San Pablo - Rumrill","Pt. San Pablo Harbor","1900 Stenmark Drive","Pt. San Pablo",2019-12-28,"2020-01-01",37.962284,-122.418807,"21.6116273143136","1.00257311732386","1.00257311732386","13.5713667288418","-0.161458102342943","0.100104045733459"
"AQY BB-607","San Pablo - Rumrill","Pt. San Pablo Harbor","1900 Stenmark Drive","Pt. San Pablo",2020-01-02,"2020-01-19",37.962284,-122.418807,"22.9444181895676","1.0879124806347","1.0879124806347","15.6180984334205","-0.101571928319241","0.208668843266203"
"AQY BB-607","San Pablo - Rumrill","Pt. San Pablo Harbor","1900 Stenmark Drive","Pt. San Pablo",2020-01-20,"2020-01-24",37.962284,-122.418807,"24.8640213875489","1.36712849169248","1.36712849169248","6.40837923843284","-0.268986303373808","-0.222109096396441"
"AQY BB-607","San Pablo - Rumrill","Pt. San Pablo Harbor","1900 Stenmark Drive","Pt. San Pablo",2020-01-25,"2020-01-29",37.962284,-122.418807,"25.3550667587815","1.50224608939421","1.50224608939421","10.3642557404562","-0.179252112379491","-0.0541987917293257"
"AQY BB-607","San Pablo - Rumrill","Pt. San Pablo Harbor","1900 Stenmark Drive","Pt. San Pablo",2020-01-30,"2020-02-03",37.962284,-122.418807,"23.7749256030912","1.31112402522215","1.31112402522215","23.7749256030912","1.31112402522215","1.31112402522215"
"AQY BB-607","San Pablo - Rumrill","Pt. San Pablo Harbor","1900 Stenmark Drive","Pt. San Pablo",2020-02-04,"2020-02-11",37.962284,-122.418807,"24.4618789537307","1.21678470405463","1.21678470405463","24.4618789537307","1.21678470405463","1.21678470405463"
"AQY BB-607","San Pablo - Rumrill","Pt. San Pablo Harbor","1900 Stenmark Drive","Pt. San Pablo",2020-02-12,"2020-02-16",37.962284,-122.418807,"26.1069966702315","1.26518073430972","1.26518073430972","13.4499483162129","-0.222329858761507","0.0403878973224352"
"AQY BB-607","San Pablo - Rumrill","Pt. San Pablo Harbor","1900 Stenmark Drive","Pt. San Pablo",2020-02-17,"2020-02-21",37.962284,-122.418807,"28.0383370039556","1.29892442091915","1.29892442091915","13.2118631718678","-0.270194423021164","0.00528229075414023"
"AQY BB-607","San Pablo - Rumrill","Pt. San Pablo Harbor","1900 Stenmark Drive","Pt. San Pablo",2020-02-22,"2020-03-13",37.962284,-122.418807,"28.4752558858456","1.25972935415351","1.25972935415351","10.8626698873398","-0.255349583208918","-0.0494314656513463"
"AQY BB-607","San Pablo - Rumrill","Pt. San Pablo Harbor","1900 Stenmark Drive","Pt. San Pablo",2020-03-14,"2020-03-20",37.962284,-122.418807,"25.444145354381","1.28400577560579","1.28400577560579","6.60194002572365","-0.246452410589004","-0.108292088489235"
"AQY BB-607","San Pablo - Rumrill","Pt. San Pablo Harbor","1900 Stenmark Drive","Pt. San Pablo",2020-03-21,"2020-03-30",37.962284,-122.418807,"22.7507399698412","1.17732668868586","1.17732668868586","6.04247443299982","-0.252539423936648","-0.128297966160497"
"AQY BB-607","San Pablo - Rumrill","Pt. San Pablo Harbor","1900 Stenmark Drive","Pt. San Pablo",2020-03-31,"2020-04-26",37.962284,-122.418807,"20.4008950639028","1.09288974681768","1.09288974681768","3.93997987161065","-0.158226420744559","-0.109060073123686"
"AQY BB-607","San Pablo - Rumrill","Pt. San Pablo Harbor","1900 Stenmark Drive","Pt. San Pablo",2020-04-27,"2020-05-13",37.962284,-122.418807,"20.4683555881331","0.81490868762054","0.81490868762054","2.32836154806241","-0.0642471133795613","-0.0723268896732985"
"AQY BB-607","San Pablo - Rumrill","Pt. San Pablo Harbor","1900 Stenmark Drive","Pt. San Pablo",2020-05-14,"2020-05-18",37.962284,-122.418807,"22.9778938879408","0.80818390764669","0.80818390764669","2.41556123848111","-0.021247892568456","-0.0519791333994303"
"AQY BB-607","San Pablo - Rumrill","Pt. San Pablo Harbor","1900 Stenmark Drive","Pt. San Pablo",2020-05-19,"2020-05-25",37.962284,-122.418807,"23.6970869800399","0.842556495764226","0.842556495764226","2.61201116113824","-0.0134404744966255","-0.0452783369140452"
"AQY BB-607","San Pablo - Rumrill","Pt. San Pablo Harbor","1900 Stenmark Drive","Pt. San Pablo",2020-05-26,"2020-05-30",37.962284,-122.418807,"23.8604176687236","0.807132517797922","0.807132517797922","3.07645682524663","0.000940557175651711","-0.0231417416750758"
"AQY BB-607","San Pablo - Rumrill","Pt. San Pablo Harbor","1900 Stenmark Drive","Pt. San Pablo",2020-05-31,"2020-06-04",37.962284,-122.418807,"24.2087080591694","0.837814700095354","0.837814700095354","4.07619029333118","0.0665474090322116","0.0256099034503744"
"AQY BB-607","San Pablo - Rumrill","Pt. San Pablo Harbor","1900 Stenmark Drive","Pt. San Pablo",2020-06-05,"2020-06-09",37.962284,-122.418807,"23.6583824774621","0.778978711316417","0.778978711316417","3.94197312106445","0.00608774069644018","0.0124470753345706"
"AQY BB-607","San Pablo - Rumrill","Pt. San Pablo Harbor","1900 Stenmark Drive","Pt. San Pablo",2020-06-10,"2020-06-14",37.962284,-122.418807,"23.4327276048807","0.746859258679283","0.746859258679283","4.0927850102935","0.02877094263593","0.0346706912740967"
"AQY BB-607","San Pablo - Rumrill","Pt. San Pablo Harbor","1900 Stenmark Drive","Pt. San Pablo",2020-06-15,"2020-06-19",37.962284,-122.418807,"23.8761211835622","0.772695721272534","0.772695721272534","4.61993903233899","0.0642204198028194","0.0620087521275207"
"AQY BB-607","San Pablo - Rumrill","Pt. San Pablo Harbor","1900 Stenmark Drive","Pt. San Pablo",2020-06-20,"2020-06-30",37.962284,-122.418807,"22.8246080916037","0.700555667108829","0.700555667108829","4.0781489762697","0.0323954581024393","0.0441023737637441"
"AQY BB-607","San Pablo - Rumrill","Pt. San Pablo Harbor","1900 Stenmark Drive","Pt. San Pablo",2020-07-01,"2020-07-05",37.962284,-122.418807,"21.6607322218908","0.655951098554046","0.655951098554046","3.78146808714038","0.00702438107372478","0.033803214584187"
"AQY BB-607","San Pablo - Rumrill","Pt. San Pablo Harbor","1900 Stenmark Drive","Pt. San Pablo",2020-07-06,"2020-07-14",37.962284,-122.418807,"21.5070475676044","0.623227587291583","0.623227587291583","2.60588099346312","-0.0362862136131878","-0.0393241656076731"
"AQY BB-607","San Pablo - Rumrill","Pt. San Pablo Harbor","1900 Stenmark Drive","Pt. San Pablo",2020-07-15,"9999-12-31",37.962284,-122.418807,"20.1549035787591","0.574930725426706","0.574930725426706","1.88044201033628","-0.0870313764164326","-0.0830197371351509"
"AQY BB-609","Vallejo","Residence","1910 Ralston Av","Richmond",2019-12-18,"2019-12-25",37.93897,-122.316503,"0","1","1","0","1","1"
"AQY BB-609","Vallejo","Residence","1910 Ralston Av","Richmond",2019-12-26,"2020-01-11",37.93897,-122.316503,"6.10919626429812","0.93976038882546","0.93976038882546","11.0508683515035","0.00674141304318712","0.00587802813684815"
"AQY BB-609","Vallejo","Residence","1910 Ralston Av","Richmond",2020-01-12,"2020-01-25",37.93897,-122.316503,"8.47514929816177","1.00030570834268","1.00030570834268","7.67870854125625","0.245714566853465","0.195066312187532"
"AQY BB-609","Vallejo","Residence","1910 Ralston Av","Richmond",2020-01-26,"2020-02-17",37.93897,-122.316503,"8.93007444030339","1.00013001556139","1.00013001556139","9.38615419244347","0.0760577958393603","0.125703057185637"
"AQY BB-609","Vallejo","Residence","1910 Ralston Av","Richmond",2020-02-18,"2020-02-26",37.93897,-122.316503,"12.29356576109","1.40395093464906","1.40395093464906","9.69314664734994","0.175740043062779","0.228558470164053"
"AQY BB-609","Vallejo","Residence","1910 Ralston Av","Richmond",2020-02-27,"2020-03-02",37.93897,-122.316503,"11.7281463874445","1.46204416945178","1.46204416945178","10.6109022234677","0.112627628513818","0.211333679811482"
"AQY BB-609","Vallejo","Residence","1910 Ralston Av","Richmond",2020-03-03,"2020-03-07",37.93897,-122.316503,"12.1522508758283","1.39846191920719","1.39846191920719","8.02178291899653","0.15892643518754","0.191897047176238"
"AQY BB-609","Vallejo","Residence","1910 Ralston Av","Richmond",2020-03-08,"2020-03-12",37.93897,-122.316503,"12.8483696278719","1.38016734703432","1.38016734703432","5.04732889862231","0.307044048901906","0.210759810828888"
"AQY BB-609","Vallejo","Residence","1910 Ralston Av","Richmond",2020-03-13,"2020-03-19",37.93897,-122.316503,"11.191823996769","1.35184378244529","1.35184378244529","5.72034742070557","0.207148888168257","0.171958577348341"
"AQY BB-609","Vallejo","Residence","1910 Ralston Av","Richmond",2020-03-20,"2020-03-24",37.93897,-122.316503,"10.4106323122488","1.22708131255076","1.22708131255076","6.30615931527044","0.0414450276935208","0.066657063977816"
"AQY BB-609","Vallejo","Residence","1910 Ralston Av","Richmond",2020-03-25,"2020-03-29",37.93897,-122.316503,"9.13796892997631","0.93322682507115","0.93322682507115","3.74336537056566","0.0632591334349051","0.0361692985666844"
"AQY BB-609","Vallejo","Residence","1910 Ralston Av","Richmond",2020-03-30,"2020-04-07",37.93897,-122.316503,"8.11896554411449","0.841356657073361","0.841356657073361","1.56610007453357","0.0679427037759505","-0.0164546435065677"
"AQY BB-609","Vallejo","Residence","1910 Ralston Av","Richmond",2020-04-08,"2020-04-19",37.93897,-122.316503,"8.01654419667028","0.727206176744762","0.727206176744762","1.52030184764414","0.0752803239877961","0.0122139329199239"
"AQY BB-609","Vallejo","Residence","1910 Ralston Av","Richmond",2020-04-20,"2020-05-04",37.93897,-122.316503,"9.35955368342921","0.594925201165068","0.594925201165068","1.12094652412547","0.0796591152801824","0.0185429512454349"
"AQY BB-609","Vallejo","Residence","1910 Ralston Av","Richmond",2020-05-05,"2020-05-09",37.93897,-122.316503,"12.31339324453","0.577580638467269","0.577580638467269","1.54761699600957","0.10826873873394","0.053872692761104"
"AQY BB-609","Vallejo","Residence","1910 Ralston Av","Richmond",2020-05-10,"2020-05-14",37.93897,-122.316503,"13.2418785828307","0.601290205447579","0.601290205447579","13.2418785828307","0.601290205447579","0.601290205447579"
"AQY BB-609","Vallejo","Residence","1910 Ralston Av","Richmond",2020-05-15,"2020-05-19",37.93897,-122.316503,"13.6083462925353","0.556418983982063","0.556418983982063","13.6083462925353","0.556418983982063","0.556418983982063"
"AQY BB-609","Vallejo","Residence","1910 Ralston Av","Richmond",2020-05-20,"2020-05-24",37.93897,-122.316503,"14.1982974102881","0.567455207660271","0.567455207660271","14.1982974102881","0.567455207660271","0.567455207660271"
"AQY BB-609","Vallejo","Residence","1910 Ralston Av","Richmond",2020-05-25,"2020-05-29",37.93897,-122.316503,"14.6829551309671","0.580318484828911","0.580318484828911","14.6829551309671","0.580318484828911","0.580318484828911"
"AQY BB-609","Vallejo","Residence","1910 Ralston Av","Richmond",2020-05-30,"2020-06-03",37.93897,-122.316503,"15.5910383058175","0.710897462235021","0.710897462235021","15.5910383058175","0.710897462235021","0.710897462235021"
"AQY BB-609","Vallejo","Residence","1910 Ralston Av","Richmond",2020-06-04,"2020-06-08",37.93897,-122.316503,"15.092630337631","0.615192832367632","0.615192832367632","15.092630337631","0.615192832367632","0.615192832367632"
"AQY BB-609","Vallejo","Residence","1910 Ralston Av","Richmond",2020-06-09,"2020-06-13",37.93897,-122.316503,"14.7348523910563","0.659595621191762","0.659595621191762","4.52340372517359","0.199944684028607","0.204193631298716"
"AQY BB-609","Vallejo","Residence","1910 Ralston Av","Richmond",2020-06-14,"2020-06-24",37.93897,-122.316503,"14.7764274065582","0.745584738968742","0.745584738968742","5.2696934365387","0.237479406701357","0.246196818240172"
"AQY BB-609","Vallejo","Residence","1910 Ralston Av","Richmond",2020-06-25,"2020-06-29",37.93897,-122.316503,"13.9592111250882","0.781761913437639","0.781761913437639","4.93623403045702","0.186236878745392","0.207998960032587"
"AQY BB-609","Vallejo","Residence","1910 Ralston Av","Richmond",2020-06-30,"2020-07-04",37.93897,-122.316503,"14.2029283672952","0.756979243109781","0.756979243109781","4.69170048472972","0.157418380563624","0.179287908660339"
"AQY BB-609","Vallejo","Residence","1910 Ralston Av","Richmond",2020-07-05,"2020-07-09",37.93897,-122.316503,"14.1942143405873","0.707317494386414","0.707317494386414","4.91242739757603","0.247748686521159","0.226968301682743"
"AQY BB-609","Vallejo","Residence","1910 Ralston Av","Richmond",2020-07-10,"9999-12-31",37.93897,-122.316503,"14.3520254647776","0.682751556297647","0.682751556297647","4.70242167728991","0.199522059246627","0.188301316655083"
"AQY BB-610","Vallejo","Residence","3200 Moran Avenue","Richmond",2020-03-13,"9999-12-31",38.951854,-122.336586,"0","1","1","0","1","1"
"AQY BB-611","Vallejo","Residence","521 2nd St","Richmond",2019-12-05,"2019-12-11",37.938903,-122.367769,"0","1","1","0","1","1"
"AQY BB-611","Vallejo","Residence","521 2nd St","Richmond",2019-12-12,"2019-12-16",37.938903,-122.367769,"18.6437973834351","1.62445520138348","1.62445520138348","6.13950665204599","-0.264561390689906","-0.210001933400276"
"AQY BB-611","Vallejo","Residence","521 2nd St","Richmond",2019-12-17,"2019-12-21",37.938903,-122.367769,"19.5084324708839","1.44117270731505","1.44117270731505","5.18149198565383","-0.378675350180014","-0.349792764394834"
"AQY BB-611","Vallejo","Residence","521 2nd St","Richmond",2019-12-22,"2020-01-02",37.938903,-122.367769,"18.3670513540212","1.29011157329101","1.29011157329101","7.24470090795592","-0.28831195178137","-0.222924859780102"
"AQY BB-611","Vallejo","Residence","521 2nd St","Richmond",2020-01-03,"2020-01-16",37.938903,-122.367769,"19.6304899239959","1.1965432920451","1.1965432920451","10.6697837471183","-0.112837830487617","0.00356804313149048"
"AQY BB-611","Vallejo","Residence","521 2nd St","Richmond",2020-01-17,"2020-02-05",37.938903,-122.367769,"17.700589097449","1.19667421214692","1.19667421214692","11.2124285879207","-0.107419782786345","0.0144129998012618"
"AQY BB-611","Vallejo","Residence","521 2nd St","Richmond",2020-02-06,"2020-02-10",37.938903,-122.367769,"16.8312615267239","1.33460529566097","1.33460529566097","10.9610534639398","-0.230304184502717","-0.0592772598797418"
"AQY BB-611","Vallejo","Residence","521 2nd St","Richmond",2020-02-11,"2020-02-18",37.938903,-122.367769,"18.4830980003846","1.45270821086356","1.45270821086356","10.7117041942408","-0.186991531053853","-0.0180705383725016"
"AQY BB-611","Vallejo","Residence","521 2nd St","Richmond",2020-02-19,"2020-02-23",37.938903,-122.367769,"19.5085205263755","1.4027818999205","1.4027818999205","10.0463048327367","0.00738329590114985","0.0981530523680538"
"AQY BB-611","Vallejo","Residence","521 2nd St","Richmond",2020-02-24,"2020-02-28",37.938903,-122.367769,"21.2155004572408","1.49664042483177","1.49664042483177","11.2090876086786","-0.0071324784827824","0.109872424429924"
"AQY BB-611","Vallejo","Residence","521 2nd St","Richmond",2020-02-29,"2020-03-09",37.938903,-122.367769,"21.3697272303954","1.41536271085337","1.41536271085337","10.7759089776692","-0.0276817755594896","0.0885646240671285"
"AQY BB-611","Vallejo","Residence","521 2nd St","Richmond",2020-03-10,"2020-03-14",37.938903,-122.367769,"20.7702384498485","1.3544826361536","1.3544826361536","8.61654463764498","0.102945732661602","0.153722531215421"
"AQY BB-611","Vallejo","Residence","521 2nd St","Richmond",2020-03-15,"2020-04-03",37.938903,-122.367769,"20.82346741584","1.35902576183827","1.35902576183827","8.77781109363832","0.0430615361843632","0.125276954019393"
"AQY BB-611","Vallejo","Residence","521 2nd St","Richmond",2020-04-04,"2020-04-08",37.938903,-122.367769,"18.8071745078736","0.986340795584248","0.986340795584248","3.46431021442112","-0.0455318829716011","-0.0378301224668111"
"AQY BB-611","Vallejo","Residence","521 2nd St","Richmond",2020-04-09,"2020-04-13",37.938903,-122.367769,"18.6722849746293","0.910548463533693","0.910548463533693","2.86728924515903","0.0572134093037227","0.0171492782879697"
"AQY BB-611","Vallejo","Residence","521 2nd St","Richmond",2020-04-14,"2020-05-01",37.938903,-122.367769,"19.7278405216323","0.923500889607077","0.923500889607077","3.35442263204255","0.100099989180732","0.0638038758805218"
"AQY BB-611","Vallejo","Residence","521 2nd St","Richmond",2020-05-02,"2020-05-06",37.938903,-122.367769,"20.9760940173938","1.00685458991616","1.00685458991616","3.93084825503822","0.174092346674231","0.13473841735294"
"AQY BB-611","Vallejo","Residence","521 2nd St","Richmond",2020-05-07,"2020-05-16",37.938903,-122.367769,"21.4726142747012","0.940422498558654","0.940422498558654","21.4726142747012","0.940422498558654","0.940422498558654"
"AQY BB-611","Vallejo","Residence","521 2nd St","Richmond",2020-05-17,"2020-05-28",37.938903,-122.367769,"21.4373022416527","0.815221737437391","0.815221737437391","21.4373022416527","0.815221737437391","0.815221737437391"
"AQY BB-611","Vallejo","Residence","521 2nd St","Richmond",2020-05-29,"2020-06-02",37.938903,-122.367769,"21.0389513930778","0.541523542562868","0.541523542562868","21.0389513930778","0.541523542562868","0.541523542562868"
"AQY BB-611","Vallejo","Residence","521 2nd St","Richmond",2020-06-03,"2020-06-07",37.938903,-122.367769,"20.1475768528262","0.45570454078475","0.45570454078475","20.1475768528262","0.45570454078475","0.45570454078475"
"AQY BB-611","Vallejo","Residence","521 2nd St","Richmond",2020-06-08,"2020-06-12",37.938903,-122.367769,"20.00887562767","0.521293149736061","0.521293149736061","3.86139918804052","0.113382108441675","0.111258703373773"
"AQY BB-611","Vallejo","Residence","521 2nd St","Richmond",2020-06-13,"2020-06-26",37.938903,-122.367769,"19.7875345196106","0.616518820920082","0.616518820920082","4.332502251911","0.184342247648615","0.148924548731661"
"AQY BB-611","Vallejo","Residence","521 2nd St","Richmond",2020-06-27,"2020-07-01",37.938903,-122.367769,"20.7951101236585","0.673864116560693","0.673864116560693","5.46556176561084","0.162647505250672","0.169261180581911"
"AQY BB-611","Vallejo","Residence","521 2nd St","Richmond",2020-07-02,"9999-12-31",37.938903,-122.367769,"21.73856090596","0.658703735476115","0.658703735476115","4.02315870238243","0.131108847369796","0.100017753112608"
"AQY BB-634","San Leandro","Business","600 Hoffman Blvd","Richmond",2019-12-06,"9999-12-31",37.923745,-122.362565,"0","1","1","0","1","1"
"AQY BB-635","San Pablo - Rumrill","Residence","1761 14th Street ","San Pablo ",2019-12-09,"2019-12-18",37.958616,-122.356061,"0","1","1","0","1","1"
"AQY BB-635","San Pablo - Rumrill","Residence","1761 14th Street ","San Pablo ",2019-12-19,"2019-12-28",37.958616,-122.356061,"-6.0046885000442","0.795220124720074","0.795220124720074","15.8840339864371","-0.185971048834022","-0.00905430615997575"
"AQY BB-635","San Pablo - Rumrill","Residence","1761 14th Street ","San Pablo ",2019-12-29,"2020-01-07",37.958616,-122.356061,"-4.77284658934052","0.796578311426167","0.796578311426167","15.2522013772367","-0.193402573545757","-0.0359364566960341"
"AQY BB-635","San Pablo - Rumrill","Residence","1761 14th Street ","San Pablo ",2020-01-08,"2020-01-20",37.958616,-122.356061,"-3.40720334900303","0.774924328983751","0.774924328983751","12.0197046629953","-0.116425661868812","-0.0255844595831799"
"AQY BB-635","San Pablo - Rumrill","Residence","1761 14th Street ","San Pablo ",2020-01-21,"2020-01-28",37.958616,-122.356061,"-1.94437177304639","0.938578087702273","0.938578087702273","13.416977427488","-0.174300236581609","-0.0681832812522504"
"AQY BB-635","San Pablo - Rumrill","Residence","1761 14th Street ","San Pablo ",2020-01-29,"2020-02-08",37.958616,-122.356061,"-2.27120953560587","1.01809577429902","1.01809577429902","-2.27120953560587","1.01809577429902","1.01809577429902"
"AQY BB-635","San Pablo - Rumrill","Residence","1761 14th Street ","San Pablo ",2020-02-09,"2020-03-10",37.958616,-122.356061,"-3.29757041418315","1.12054107818991","1.12054107818991","-3.29757041418315","1.12054107818991","1.12054107818991"
"AQY BB-635","San Pablo - Rumrill","Residence","1761 14th Street ","San Pablo ",2020-03-11,"2020-03-15",37.958616,-122.356061,"-1.80362903513576","0.818567313847796","0.818567313847796","7.03341413932012","0.121896839305517","0.177017443849062"
"AQY BB-635","San Pablo - Rumrill","Residence","1761 14th Street ","San Pablo ",2020-03-16,"2020-03-31",37.958616,-122.356061,"-0.723571948306436","0.822733613153585","0.822733613153585","7.24983025366231","0.0843071977752232","0.141383794009764"
"AQY BB-635","San Pablo - Rumrill","Residence","1761 14th Street ","San Pablo ",2020-04-01,"2020-04-06",37.958616,-122.356061,"0.598164965391409","0.783743835666462","0.783743835666462","4.62614496651825","-0.034451208696923","-0.0414668006722982"
"AQY BB-635","San Pablo - Rumrill","Residence","1761 14th Street ","San Pablo ",2020-04-07,"2020-04-11",37.958616,-122.356061,"0.737321676507547","0.693944388680211","0.693944388680211","4.05632962382796","-0.0350239616662123","-0.0431870927591052"
"AQY BB-635","San Pablo - Rumrill","Residence","1761 14th Street ","San Pablo ",2020-04-12,"2020-04-16",37.958616,-122.356061,"0.956867216102525","0.691512264158116","0.691512264158116","3.79191081539383","-0.0129753933276553","-0.0281541602683807"
"AQY BB-635","San Pablo - Rumrill","Residence","1761 14th Street ","San Pablo ",2020-04-17,"2020-04-21",37.958616,-122.356061,"0.899308123646023","0.669359686975927","0.669359686975927","2.22663936629063","0.00413583742618509","-0.0416338352403572"
"AQY BB-635","San Pablo - Rumrill","Residence","1761 14th Street ","San Pablo ",2020-04-22,"2020-05-07",37.958616,-122.356061,"1.33718586265689","0.723815224904116","0.723815224904116","3.53273619397094","-0.0199828245069547","-0.0307116470328435"
"AQY BB-635","San Pablo - Rumrill","Residence","1761 14th Street ","San Pablo ",2020-05-08,"2020-05-26",37.958616,-122.356061,"1.91316340129314","0.882202418464927","0.882202418464927","1.94814332195004","0.172367135655448","0.122733387510303"
"AQY BB-635","San Pablo - Rumrill","Residence","1761 14th Street ","San Pablo ",2020-05-27,"2020-06-11",37.958616,-122.356061,"2.23962111771785","1.00590751135719","1.00590751135719","1.72739191658582","0.166338962719258","0.112811718631159"
"AQY BB-635","San Pablo - Rumrill","Residence","1761 14th Street ","San Pablo ",2020-06-12,"9999-12-31",37.958616,-122.356061,"1.97737901445583","1.0973699491043","1.0973699491043","0.863778408266699","0.325473883151196","0.260038812115728"
"AQY BB-636","San Leandro","Residence","322 W Richmond Ave","Pt. Richmond",2019-12-05,"9999-12-31",37.927338,-122.386987,"0","1","1","0","1","1"
"AQY BB-637","San Pablo - Rumrill","Residence ","630 31st Street","Richmond",2019-12-09,"2020-01-31",37.939946,-122.3381,"0","1","1","0","1","1"
"AQY BB-637","San Pablo - Rumrill","Residence ","630 31st Street","Richmond",2020-02-01,"2020-03-03",37.939946,-122.3381,"-1.68978379258679","0.99630031599365","0.99630031599365","-1.68978379258679","0.99630031599365","0.99630031599365"
"AQY BB-637","San Pablo - Rumrill","Residence ","630 31st Street","Richmond",2020-03-04,"2020-03-22",37.939946,-122.3381,"-0.544638308850809","0.93367565994406","0.93367565994406","8.80383294120628","-0.00967086820733939","0.0585409154342145"
"AQY BB-637","San Pablo - Rumrill","Residence ","630 31st Street","Richmond",2020-03-23,"2020-03-27",37.939946,-122.3381,"1.37639067804618","0.954448340112927","0.954448340112927","7.85992770613159","-0.115654858173851","-0.0595363089796009"
"AQY BB-637","San Pablo - Rumrill","Residence ","630 31st Street","Richmond",2020-03-28,"2020-04-18",37.939946,-122.3381,"1.89868406493114","0.891260598706996","0.891260598706996","4.84138631492947","-0.017084336083622","-0.0229228931610001"
"AQY BB-637","San Pablo - Rumrill","Residence ","630 31st Street","Richmond",2020-04-19,"2020-04-23",37.939946,-122.3381,"3.46782715628755","0.717206534273338","0.717206534273338","2.63052352898164","-0.00705450055827883","-0.0416413973254311"
"AQY BB-637","San Pablo - Rumrill","Residence ","630 31st Street","Richmond",2020-04-24,"2020-05-08",37.939946,-122.3381,"4.36817271857243","0.818778458554561","0.818778458554561","3.22474155260546","-0.0411386799515178","-0.0577418721623849"
"AQY BB-637","San Pablo - Rumrill","Residence ","630 31st Street","Richmond",2020-05-09,"2020-06-18",37.939946,-122.3381,"5.93445452030604","1.09839790888306","1.09839790888306","2.71195751235129","0.126114015613287","0.0832108492961354"
"AQY BB-637","San Pablo - Rumrill","Residence ","630 31st Street","Richmond",2020-06-19,"2020-06-23",37.939946,-122.3381,"4.22007198183894","1.20273958807696","1.20273958807696","3.2661562517261","0.243607729630019","0.242436767701212"
"AQY BB-637","San Pablo - Rumrill","Residence ","630 31st Street","Richmond",2020-06-24,"9999-12-31",37.939946,-122.3381,"4.23310313485638","1.40645147786786","1.40645147786786","3.01497319134008","0.258248882319531","0.258095988194954"
"AQY BB-638","San Pablo - Rumrill","Residence","626 Alamo Ave","Richmond",2019-12-21,"2020-01-04",37.953197,-122.362551,"0","1","1","0","1","1"
"AQY BB-638","San Pablo - Rumrill","Residence","626 Alamo Ave","Richmond",2020-01-05,"2020-01-09",37.953197,-122.362551,"-3.42600117633882","0.652394997726165","0.652394997726165","9.48556550463712","0.0151583855501271","0.0464262248838712"
"AQY BB-638","San Pablo - Rumrill","Residence","626 Alamo Ave","Richmond",2020-01-10,"2020-02-04",37.953197,-122.362551,"-2.47324047486055","0.582523108104521","0.582523108104521","9.62611492617682","0.00393619982459769","0.0358771815526235"
"AQY BB-638","San Pablo - Rumrill","Residence","626 Alamo Ave","Richmond",2020-02-05,"2020-03-08",37.953197,-122.362551,"-1.51884897393743","0.773011841156283","0.773011841156283","-1.51884897393743","0.773011841156283","0.773011841156283"
"AQY BB-638","San Pablo - Rumrill","Residence","626 Alamo Ave","Richmond",2020-03-09,"2020-03-18",37.953197,-122.362551,"0.051290426056239","0.64355922306924","0.64355922306924","6.14310996569156","0.122352578629402","0.133391842998822"
"AQY BB-638","San Pablo - Rumrill","Residence","626 Alamo Ave","Richmond",2020-03-19,"2020-03-23",37.953197,-122.362551,"3.1422880343501","0.607854729341672","0.607854729341672","7.83373502651071","0.02541841266857","0.0845404514160903"
"AQY BB-638","San Pablo - Rumrill","Residence","626 Alamo Ave","Richmond",2020-03-24,"2020-03-28",37.953197,-122.362551,"4.86814356054093","0.565002643912774","0.565002643912774","8.32205477425962","-0.071514065488085","0.00588505243617042"
"AQY BB-638","San Pablo - Rumrill","Residence","626 Alamo Ave","Richmond",2020-03-29,"2020-04-05",37.953197,-122.362551,"6.03967684392383","0.586000822419661","0.586000822419661","4.96291357392668","0.045959173775184","0.0472244783747186"
"AQY BB-638","San Pablo - Rumrill","Residence","626 Alamo Ave","Richmond",2020-04-06,"2020-04-15",37.953197,-122.362551,"6.72390366817778","0.533245699609253","0.533245699609253","4.07204417375425","0.0289015088103879","0.0255003536658654"
"AQY BB-638","San Pablo - Rumrill","Residence","626 Alamo Ave","Richmond",2020-04-16,"2020-04-25",37.953197,-122.362551,"8.76145519053791","0.523352845341096","0.523352845341096","2.46413067564673","0.049878904968131","0.0129642531575047"
"AQY BB-638","San Pablo - Rumrill","Residence","626 Alamo Ave","Richmond",2020-04-26,"2020-04-30",37.953197,-122.362551,"6.77497963535198","0.496748096261045","0.496748096261045","2.74380526564835","0.0561480250220936","0.0300139758347302"
"AQY BB-638","San Pablo - Rumrill","Residence","626 Alamo Ave","Richmond",2020-05-01,"2020-05-05",37.953197,-122.362551,"6.39515264467628","0.4851526221631","0.4851526221631","1.63593842596974","0.0849701616863065","0.0247458319319572"
"AQY BB-638","San Pablo - Rumrill","Residence","626 Alamo Ave","Richmond",2020-05-06,"2020-05-10",37.953197,-122.362551,"5.70430549727569","0.523080275187836","0.523080275187836","1.46038383333775","0.11667481323716","0.0516795440072406"
"AQY BB-638","San Pablo - Rumrill","Residence","626 Alamo Ave","Richmond",2020-05-11,"2020-05-15",37.953197,-122.362551,"4.07064541880338","0.565181790664693","0.565181790664693","1.90026140698491","0.0835266515380091","0.0319086464732773"
"AQY BB-638","San Pablo - Rumrill","Residence","626 Alamo Ave","Richmond",2020-05-16,"9999-12-31",37.953197,-122.362551,"2.04685929230595","0.824216727649158","0.824216727649158","1.47996395863637","0.0668238811693625","-0.00495009819465276"
"AQY BB-639","San Leandro","Residence","222 Water St","Pt. Richmond",2019-12-19,"9999-12-31",37.925888,-122.388734,"0","1","1","0","1","1"
"AQY BB-640","San Pablo - Rumrill","Residence","1732 6th St","North Richmond",2019-12-05,"2019-12-12",37.958527,-122.362237,"0","1","1","0","1","1"
"AQY BB-640","San Pablo - Rumrill","Residence","1732 6th St","North Richmond",2019-12-13,"2019-12-23",37.958527,-122.362237,"-5.93609792072656","0.836709458617156","0.836709458617156","16.0519697718489","-0.152867915469513","0.139186620296852"
"AQY BB-640","San Pablo - Rumrill","Residence","1732 6th St","North Richmond",2019-12-24,"2020-01-12",37.958527,-122.362237,"-5.06965346879456","0.800815283138828","0.800815283138828","13.2094235118498","-0.2160180350431","-0.136239669787192"
"AQY BB-640","San Pablo - Rumrill","Residence","1732 6th St","North Richmond",2020-01-13,"2020-01-17",37.958527,-122.362237,"-3.32752439178192","1.00775074095134","1.00775074095134","10.3921752689437","-0.0219256345347925","0.0415419851011559"
"AQY BB-640","San Pablo - Rumrill","Residence","1732 6th St","North Richmond",2020-01-18,"2020-01-30",37.958527,-122.362237,"-3.17103748382098","1.13000994439358","1.13000994439358","10.3324455935365","-0.076018763180014","-0.0406686889994142"
"AQY BB-640","San Pablo - Rumrill","Residence","1732 6th St","North Richmond",2020-01-31,"2020-03-25",37.958527,-122.362237,"-2.75154785017795","0.968271405685163","0.968271405685163","-2.75154785017795","0.968271405685163","0.968271405685163"
"AQY BB-640","San Pablo - Rumrill","Residence","1732 6th St","North Richmond",2020-03-26,"2020-05-03",37.958527,-122.362237,"2.58439410480029","0.569999920847727","0.569999920847727","6.22694931919022","-0.0770726616330502","-0.0473187322833877"
"AQY BB-640","San Pablo - Rumrill","Residence","1732 6th St","North Richmond",2020-05-04,"2020-05-27",37.958527,-122.362237,"4.91683058918241","0.758397680177329","0.758397680177329","1.9541953335162","0.174856880936959","0.114311006095151"
"AQY BB-640","San Pablo - Rumrill","Residence","1732 6th St","North Richmond",2020-05-28,"9999-12-31",37.958527,-122.362237,"5.1022526941618","0.730584871335523","0.730584871335523","1.81386861599819","0.171972093099956","0.0946677983878629"
"AQY BB-641","Vallejo","Residence","116 Bayside Court","Richmond",2019-12-06,"2019-12-07",37.913046,-122.340619,"0","1","1","0","1","1"
"AQY BB-641","Vallejo","Residence","116 Bayside Court","Richmond",2019-12-08,"2020-01-22",37.913046,-122.340619,"-18.1179876472546","1.43006404388672","1.43006404388672","18.1933105653158","-0.274837628312276","-0.11932774323333"
"AQY BB-641","Vallejo","Residence","116 Bayside Court","Richmond",2020-01-23,"2020-01-27",37.913046,-122.340619,"-20.0221304166497","0.904894134087009","0.904894134087009","10.6135028352102","-0.0313771530787139","0.0262607956317568"
"AQY BB-641","Vallejo","Residence","116 Bayside Court","Richmond",2020-01-28,"2020-02-19",37.913046,-122.340619,"-20.2008300753914","0.93597749659417","0.93597749659417","13.0235176466254","-0.0834248401058214","0.0262544681187301"
"AQY BB-641","Vallejo","Residence","116 Bayside Court","Richmond",2020-02-20,"2020-04-27",37.913046,-122.340619,"-19.3476266452574","1.04487177128415","1.04487177128415","4.25510820056979","0.157222720851394","0.192759132944024"
"AQY BB-641","Vallejo","Residence","116 Bayside Court","Richmond",2020-04-28,"2020-05-23",37.913046,-122.340619,"-16.7856796915735","1.00435725237408","1.00435725237408","-1.33355819373937","0.157791653504581","0.14580658447017"
"AQY BB-641","Vallejo","Residence","116 Bayside Court","Richmond",2020-05-24,"2020-06-28",37.913046,-122.340619,"-16.7719477678746","0.806505835677602","0.806505835677602","-16.7719477678746","0.806505835677602","0.806505835677602"
"AQY BB-641","Vallejo","Residence","116 Bayside Court","Richmond",2020-06-29,"2020-07-03",37.913046,-122.340619,"-14.3384459668269","0.782158138723616","0.782158138723616","-0.795219529524451","0.194572357529561","0.207612155133202"
"AQY BB-641","Vallejo","Residence","116 Bayside Court","Richmond",2020-07-04,"2020-07-08",37.913046,-122.340619,"-13.7829300989913","0.89241195843183","0.89241195843183","-0.552635256660064","0.193508780475399","0.201016183285913"
"AQY BB-641","Vallejo","Residence","116 Bayside Court","Richmond",2020-07-09,"2020-07-13",37.913046,-122.340619,"-13.2588186218369","0.887486382752733","0.887486382752733","0.55298506497951","0.147832391418993","0.156771783811041"
"AQY BB-641","Vallejo","Residence","116 Bayside Court","Richmond",2020-07-14,"9999-12-31",37.913046,-122.340619,"-12.284425291939","1.04893762299075","1.04893762299075","-1.5824555527909","0.276029921038509","0.275468389803277"
"AQY BB-643","San Pablo - Rumrill","Residence","3327 11th Street","San Pablo",2019-12-06,"2019-12-22",37.978882,-122.350804,"0","1","1","0","1","1"
"AQY BB-643","San Pablo - Rumrill","Residence","3327 11th Street","San Pablo",2019-12-23,"2020-01-06",37.978882,-122.350804,"-4.04725530767953","1.02552265880284","1.02552265880284","15.1622960251288","-0.20230522908447","-0.0539315594836713"
"AQY BB-643","San Pablo - Rumrill","Residence","3327 11th Street","San Pablo",2020-01-07,"2020-01-21",37.978882,-122.350804,"-1.14637966677228","1.04482103793943","1.04482103793943","13.1249550124381","-0.115172966527549","-0.00124964192856269"
"AQY BB-643","San Pablo - Rumrill","Residence","3327 11th Street","San Pablo",2020-01-22,"2020-02-01",37.978882,-122.350804,"2.17924044790616","1.32087721801755","1.32087721801755","12.0666668104465","-0.0634704236312954","0.015203591509061"
"AQY BB-643","San Pablo - Rumrill","Residence","3327 11th Street","San Pablo",2020-02-02,"2020-03-04",37.978882,-122.350804,"2.06754910012151","1.31865356630092","1.31865356630092","2.06754910012151","1.31865356630092","1.31865356630092"
"AQY BB-643","San Pablo - Rumrill","Residence","3327 11th Street","San Pablo",2020-03-05,"2020-04-12",37.978882,-122.350804,"1.16489536318489","1.11506380721477","1.11506380721477","9.40143244372622","0.145740866752039","0.246626764964055"
"AQY BB-643","San Pablo - Rumrill","Residence","3327 11th Street","San Pablo",2020-04-13,"2020-04-17",37.978882,-122.350804,"-2.06553349150561","0.680512915231566","0.680512915231566","2.83131154448632","0.0732478861972548","0.0482693462836631"
"AQY BB-643","San Pablo - Rumrill","Residence","3327 11th Street","San Pablo",2020-04-18,"2020-04-22",37.978882,-122.350804,"-1.79975507872555","0.661736317617247","0.661736317617247","1.96415964686949","0.0425322236276651","-0.00606197360139228"
"AQY BB-643","San Pablo - Rumrill","Residence","3327 11th Street","San Pablo",2020-04-23,"2020-07-07",37.978882,-122.350804,"-1.62684641239075","0.739590640320291","0.739590640320291","2.67727897115299","0.0556553613436519","0.028711125135705"
"AQY BB-643","San Pablo - Rumrill","Residence","3327 11th Street","San Pablo",2020-07-08,"2020-07-12",37.978882,-122.350804,"-3.66452290813743","0.66665926422331","0.66665926422331","0.825797685839247","0.209641003673341","0.166516593228239"
"AQY BB-643","San Pablo - Rumrill","Residence","3327 11th Street","San Pablo",2020-07-13,"9999-12-31",37.978882,-122.350804,"-3.70874328604529","0.670049627866968","0.670049627866968","0.121584313380545","0.240743772037644","0.174928054227139"
"AQY BB-644","Vallejo","Residence","2927 Maricopa Ave","Richmond",2019-12-06,"2019-12-17",37.950787,-122.33812,"0","1","1","0","1","1"
"AQY BB-644","Vallejo","Residence","2927 Maricopa Ave","Richmond",2019-12-18,"2020-01-13",37.950787,-122.33812,"-1.0884476806534","1.3403889744496","1.3403889744496","12.2484294315104","-0.178441202357416","-0.0904501649039502"
"AQY BB-644","Vallejo","Residence","2927 Maricopa Ave","Richmond",2020-01-14,"2020-01-18",37.950787,-122.33812,"-0.140980665252176","1.22435635928832","1.22435635928832","9.97879276395122","0.1191415839053","0.196952336411768"
"AQY BB-644","Vallejo","Residence","2927 Maricopa Ave","Richmond",2020-01-19,"2020-01-23",37.950787,-122.33812,"-1.0415616185563","1.20556650655815","1.20556650655815","9.33206823265989","0.0803136481980394","0.122262507092469"
"AQY BB-644","Vallejo","Residence","2927 Maricopa Ave","Richmond",2020-01-24,"2020-02-14",37.950787,-122.33812,"-1.70296522597289","1.12323788627293","1.12323788627293","6.27464388964981","0.130764958827971","0.0876865895645104"
"AQY BB-644","Vallejo","Residence","2927 Maricopa Ave","Richmond",2020-02-15,"2020-04-01",37.950787,-122.33812,"-2.8610086615688","1.22135025865921","1.22135025865921","8.03477608648234","0.0927664970291793","0.130278969605835"
"AQY BB-644","Vallejo","Residence","2927 Maricopa Ave","Richmond",2020-04-02,"2020-05-02",37.950787,-122.33812,"-1.30033557055332","1.03914186890734","1.03914186890734","1.35992904253755","0.103068727065355","0.0431167961208326"
"AQY BB-644","Vallejo","Residence","2927 Maricopa Ave","Richmond",2020-05-03,"2020-05-12",37.950787,-122.33812,"0.595790160186967","0.948433088760987","0.948433088760987","0.633448776532311","0.123312016423696","0.0885150418990868"
"AQY BB-644","Vallejo","Residence","2927 Maricopa Ave","Richmond",2020-05-13,"9999-12-31",37.950787,-122.33812,"1.68156871950891","0.679733429619493","0.679733429619493","1.68156871950891","0.679733429619493","0.679733429619493"
"AQY BB-645","Berkeley Aquatic Park","Residence","775 Lassen st","Richmond",2019-12-09,"2019-12-15",37.943383,-122.326871,"0","1","1","0","1","1"
"AQY BB-645","Berkeley Aquatic Park","Residence","775 Lassen st","Richmond",2019-12-16,"2020-01-08",37.943383,-122.326871,"4.45692698858494","1.23494987108875","1.23494987108875","22.3009369201136","-0.197447209550942","0.015395265455372"
"AQY BB-645","Berkeley Aquatic Park","Residence","775 Lassen st","Richmond",2020-01-09,"9999-12-31",37.943383,-122.326871,"3.52088571983996","0.894568491811186","0.894568491811186","14.4481008428822","0.0968034075860556","0.171331681620457"
"AQY BB-646","Berkeley Aquatic Park","Residence","127 Schooner Court","Richmond",2019-12-21,"2019-12-30",37.91678,-122.350017,"0","1","1","0","1","1"
"AQY BB-646","Berkeley Aquatic Park","Residence","127 Schooner Court","Richmond",2019-12-31,"2020-02-24",37.91678,-122.350017,"10.850037291348","1.01267602405626","1.01267602405626","17.9524692554806","-0.0690006677569577","0.141759970298712"
"AQY BB-646","Berkeley Aquatic Park","Residence","127 Schooner Court","Richmond",2020-02-25,"2020-03-26",37.91678,-122.350017,"21.3678176059667","1.08048212922787","1.08048212922787","21.0968313212536","0.228134932735745","0.341778756546726"
"AQY BB-646","Berkeley Aquatic Park","Residence","127 Schooner Court","Richmond",2020-03-27,"2020-05-11",37.91678,-122.350017,"25.1435383815269","0.993251193117534","0.993251193117534","11.8191375338475","0.129427681635944","0.121849292857947"
"AQY BB-646","Berkeley Aquatic Park","Residence","127 Schooner Court","Richmond",2020-05-12,"2020-05-21",37.91678,-122.350017,"20.5528723978223","0.80434327831197","0.80434327831197","8.18957484161144","0.0142322975029204","0.0113221397511349"
"AQY BB-646","Berkeley Aquatic Park","Residence","127 Schooner Court","Richmond",2020-05-22,"2020-06-10",37.91678,-122.350017,"17.7109024691147","0.98150645960431","0.98150645960431","8.40196900587938","0.114508050567525","0.0806413157317198"
"AQY BB-646","Berkeley Aquatic Park","Residence","127 Schooner Court","Richmond",2020-06-11,"2020-06-15",37.91678,-122.350017,"15.9193909396174","1.24028923817899","1.24028923817899","7.75468585379182","0.565409371960219","0.408299330964646"
"AQY BB-646","Berkeley Aquatic Park","Residence","127 Schooner Court","Richmond",2020-06-16,"2020-06-20",37.91678,-122.350017,"16.1769210544783","1.22833123107941","1.22833123107941","6.54451283607079","0.777927158611849","0.496324289715188"
"AQY BB-646","Berkeley Aquatic Park","Residence","127 Schooner Court","Richmond",2020-06-21,"2020-07-06",37.91678,-122.350017,"16.1255984310131","1.33512048971541","1.33512048971541","5.68917825153952","0.774597748329371","0.467586466977329"
"AQY BB-646","Berkeley Aquatic Park","Residence","127 Schooner Court","Richmond",2020-07-07,"9999-12-31",37.91678,-122.350017,"16.2572347283405","1.51463747679668","1.51463747679668","7.38941759811226","0.496564368059924","0.338604948045642"
"AQY BB-647","Berkeley Aquatic Park","Residence","5222 Esmond Ave","Richmond",2019-12-16,"2019-12-26",37.946382,-122.326398,"0","1","1","0","1","1"
"AQY BB-647","Berkeley Aquatic Park","Residence","5222 Esmond Ave","Richmond",2019-12-27,"2020-02-09",37.946382,-122.326398,"10.5987686882532","1.04396968441489","1.04396968441489","16.7629768423614","0.161537954431658","0.324353477118413"
"AQY BB-647","Berkeley Aquatic Park","Residence","5222 Esmond Ave","Richmond",2020-02-10,"2020-04-28",37.946382,-122.326398,"18.0385939772156","1.35474400770079","1.35474400770079","21.9099360253431","-0.318375557205179","-0.0411296305881378"
"AQY BB-647","Berkeley Aquatic Park","Residence","5222 Esmond Ave","Richmond",2020-04-29,"2020-05-22",37.946382,-122.326398,"18.3215941187977","1.33790223833297","1.33790223833297","9.36109618317027","0.168458277180545","0.166705739899952"
"AQY BB-647","Berkeley Aquatic Park","Residence","5222 Esmond Ave","Richmond",2020-05-23,"2020-07-11",37.946382,-122.326398,"18.8493855016712","1.17312191522311","1.17312191522311","10.170601693085","0.211644445550728","0.207577607900097"
"AQY BB-647","Berkeley Aquatic Park","Residence","5222 Esmond Ave","Richmond",2020-07-12,"9999-12-31",37.946382,-122.326398,"17.7517851421317","1.56984353782783","1.56984353782783","6.1754509093701","0.100789152444791","0.0440892828393275"
"AQY BB-648","San Leandro","Residence","6205 Panama Avenue","Richmond Annex",2019-12-05,"9999-12-31",37.907775,-122.307056,"0","1","1","0","1","1"
"AQY BB-649","San Ramon","Residence","6526 Kensington Ave","Richmond",2019-12-06,"2019-12-31",37.940881,-122.309832,"0","1","1","0","1","1"
"AQY BB-649","San Ramon","Residence","6526 Kensington Ave","Richmond",2020-01-01,"2020-01-05",37.940881,-122.309832,"10.3422481358133","0.848808750077649","0.848808750077649","6.785212495333","-0.162654733144008","-0.141550834606447"
"AQY BB-649","San Ramon","Residence","6526 Kensington Ave","Richmond",2020-01-06,"2020-01-26",37.940881,-122.309832,"11.2869530966406","0.915001206983016","0.915001206983016","9.85471427691764","-0.0248069267964921","0.0927307481152823"
"AQY BB-649","San Ramon","Residence","6526 Kensington Ave","Richmond",2020-01-27,"2020-02-12",37.940881,-122.309832,"13.1828880328807","0.931322430781563","0.931322430781563","15.6903841218227","0.0602055608675617","0.370666125990404"
"AQY BB-649","San Ramon","Residence","6526 Kensington Ave","Richmond",2020-02-13,"2020-03-11",37.940881,-122.309832,"12.4887900478095","0.724161304686354","0.724161304686354","18.3907372363516","-0.047989808108858","0.378789642771271"
"AQY BB-649","San Ramon","Residence","6526 Kensington Ave","Richmond",2020-03-12,"2020-04-04",37.940881,-122.309832,"10.2582264869841","0.763357270649634","0.763357270649634","5.87789499822099","0.00988120432136494","0.0588624661517655"
"AQY BB-649","San Ramon","Residence","6526 Kensington Ave","Richmond",2020-04-05,"2020-04-20",37.940881,-122.309832,"8.61628385139269","0.557798104108682","0.557798104108682","1.8778562436565","0.00673496880657278","-0.0234050955141295"
"AQY BB-649","San Ramon","Residence","6526 Kensington Ave","Richmond",2020-04-21,"2020-05-20",37.940881,-122.309832,"9.37763202362635","0.389652894609417","0.389652894609417","9.37763202362635","0.389652894609417","0.389652894609417"
"AQY BB-649","San Ramon","Residence","6526 Kensington Ave","Richmond",2020-05-21,"9999-12-31",37.940881,-122.309832,"11.1674623979916","0.426500475169289","0.426500475169289","11.1674623979916","0.426500475169289","0.426500475169289"
"AQY BB-651","San Pablo - Rumrill","Residence ","444 30th St","Richmond",2019-12-09,"2019-12-09",37.936658,-122.339732,"0","1","1","0","1","1"
"AQY BB-651","San Pablo - Rumrill","Residence ","444 30th St","Richmond",2019-12-10,"2020-02-29",37.936658,-122.339732,"13.8597039857425","1.9902469890456","1.9902469890456","17.4480419982681","-0.0177121603907634","0.384910887674977"
"AQY BB-651","San Pablo - Rumrill","Residence ","444 30th St","Richmond",2020-03-01,"2020-04-09",37.936658,-122.339732,"16.4333837568109","1.20104989677616","1.20104989677616","8.96346552054372","-0.0958589832504804","-0.0215202351663526"
"AQY BB-651","San Pablo - Rumrill","Residence ","444 30th St","Richmond",2020-04-10,"2020-04-24",37.936658,-122.339732,"15.9661158266091","0.870061205685116","0.870061205685116","3.59739201164186","0.225320168665634","0.112762512658548"
"AQY BB-651","San Pablo - Rumrill","Residence ","444 30th St","Richmond",2020-04-25,"2020-04-29",37.936658,-122.339732,"18.0232662199493","0.892717114060356","0.892717114060356","2.96035585756432","0.16942588069453","0.0689925283577171"
"AQY BB-651","San Pablo - Rumrill","Residence ","444 30th St","Richmond",2020-04-30,"9999-12-31",37.936658,-122.339732,"18.996307457111","0.915895576356219","0.915895576356219","4.1891459511211","0.253610104085429","0.152345109896433"
"AQY BB-652","San Pablo - Rumrill","Residence","2111 Barrett Ave","Richmond",2019-12-16,"2020-03-05",37.938642,-122.349205,"0","1","1","0","1","1"
"AQY BB-652","San Pablo - Rumrill","Residence","2111 Barrett Ave","Richmond",2020-03-06,"2020-06-17",37.938642,-122.349205,"16.3580116020641","1.0088263233738","1.0088263233738","9.15975889304738","0.020286333895367","0.0811293612069734"
"AQY BB-652","San Pablo - Rumrill","Residence","2111 Barrett Ave","Richmond",2020-06-18,"9999-12-31",37.938642,-122.349205,"12.5023261182086","0.742091826610034","0.742091826610034","4.32203277340074","0.253079798092626","0.196574184348194"
"AQY BB-788","San Pablo - Rumrill","Residence","2334 Andrade Ave","Richmond",2020-03-05,"2020-04-14",37.94755,-122.346511,"0","1","1","0","1","1"
"AQY BB-788","San Pablo - Rumrill","Residence","2334 Andrade Ave","Richmond",2020-04-15,"9999-12-31",37.94755,-122.346511,"-20.8388183817931","0.687566664288182","0.687566664288182","1.90391313063602","0.0559724748819329","0.0351487763211707"
"AQY BB-793","San Leandro","Residence","5626 Bayview Avenue","Richmond",2020-03-13,"9999-12-31",37.915453,-122.315955,"0","1","1","0","1","1"
"AQY BB-794","Vallejo","Residence","968 36th St","Richmond",2020-03-19,"2020-06-01",37.946713,-122.332639,"0","1","1","0","1","1"
"AQY BB-794","Vallejo","Residence","968 36th St","Richmond",2020-06-02,"2020-06-06",37.946713,-122.332639,"-0.320640194496775","0.611435184174152","0.611435184174152","-0.320640194496775","0.611435184174152","0.611435184174152"
"AQY BB-794","Vallejo","Residence","968 36th St","Richmond",2020-06-07,"2020-06-16",37.946713,-122.332639,"-0.772770554504159","0.560674003262426","0.560674003262426","-0.772770554504159","0.560674003262426","0.560674003262426"
"AQY BB-794","Vallejo","Residence","968 36th St","Richmond",2020-06-17,"2020-06-21",37.946713,-122.332639,"-0.847986819455724","0.610756274337545","0.610756274337545","1.42081671947518","0.159227955166544","0.140678763038894"
"AQY BB-794","Vallejo","Residence","968 36th St","Richmond",2020-06-22,"9999-12-31",37.946713,-122.332639,"-0.959075742499817","0.605953157476997","0.605953157476997","1.72273665947561","0.162860470054066","0.159793414141836"
"AQY BB-795","San Ramon","Residence","4613 Wildwood Court","Richmond",2020-03-06,"2020-03-06",37.975904,-122.284784,"0","1","1","0","1","1"
"AQY BB-795","San Ramon","Residence","4613 Wildwood Court","Richmond",2020-03-07,"2020-03-17",37.975904,-122.284784,"-3.85697103142137","1.36496963187015","1.36496963187015","0.0322214888234992","0.190875665727128","0.123119260256579"
"AQY BB-795","San Ramon","Residence","4613 Wildwood Court","Richmond",2020-03-18,"2020-05-31",37.975904,-122.284784,"-5.38498074650927","1.27058949311992","1.27058949311992","2.19626749593345","0.125719307458743","0.133165683628624"
"AQY BB-795","San Ramon","Residence","4613 Wildwood Court","Richmond",2020-06-01,"2020-06-05",37.975904,-122.284784,"-5.48960319283486","0.433650476906103","0.433650476906103",NA,NA,NA
"AQY BB-795","San Ramon","Residence","4613 Wildwood Court","Richmond",2020-06-06,"2020-06-25",37.975904,-122.284784,"-5.95171651053165","0.394674750973115","0.394674750973115",NA,NA,NA
"AQY BB-795","San Ramon","Residence","4613 Wildwood Court","Richmond",2020-06-26,"2020-07-10",37.975904,-122.284784,"-4.91009134482523","0.361158026230777","0.361158026230777","-4.91009134482523","0.361158026230777","0.361158026230777"
"AQY BB-795","San Ramon","Residence","4613 Wildwood Court","Richmond",2020-07-11,"9999-12-31",37.975904,-122.284784,"-3.01570446787364","0.347193902157681","0.347193902157681","2.69102436772275","0.0945484920730621","0.125826335147911"
"AQY BB-798","San Pablo - Rumrill","Urban Farm","323 Brookside Dr","Richmond",2020-03-12,"9999-12-31",37.965249,-122.366437,"0","1","1","0","1","1"
"AQY BB-801","San Pablo - Rumrill","Community college","2600 Mission Bell Dr.","San Pablo",2020-05-11,"2020-05-17",37.971666,-122.33952,"0","1","1","0","1","1"
"AQY BB-801","San Pablo - Rumrill","Community college","2600 Mission Bell Dr.","San Pablo",2020-05-18,"9999-12-31",37.971666,-122.33952,"43.2646349875061","0.312383481194286","0.312383481194286","5.42888058049874","0.128121451585913","0.0640625963924329"
"AQY BB-803","Livermore - Rincon","Residence","988 St. Andrews Dr.","El Sobrante",2020-03-19,"9999-12-31",37.985959,-122.303358,"0","1","1","0","1","1"
"AQY BB-805","San Pablo - Rumrill","Brickyard Landing, HOA","Brickyard Landing","Richmond",2020-03-05,"2020-04-10",37.912533,-122.379561,"0","1","1","0","1","1"
"AQY BB-805","San Pablo - Rumrill","Brickyard Landing, HOA","Brickyard Landing","Richmond",2020-04-11,"9999-12-31",37.912533,-122.379561,"-8.46818468182598","0.570549983110092","0.570549983110092","3.27810884264804","0.0595518849603135","0.0483117368838549"
"AQY BB-806","San Pablo - Rumrill","Fire Station","1065 7th St","Richmond",2020-05-12,"9999-12-31",37.948007,-122.364858,"0","1","1","0","1","1"
"AQY BB-808","San Pablo - Rumrill","Community college","2600 Mission Bell Dr.","San Pablo",2020-05-11,"9999-12-31",37.969085,-122.335865,"0","1","1","0","1","1"
"AQY BB-809","San Leandro","Residence","5013 Barrett Ave","Richmond",2020-03-03,"9999-12-31",37.935882,-122.323812,"0","1","1","0","1","1"
