"ID","deployment_date","deployment_datetime","O3_proxy_site","Longitude","Latitude","start_date","end_date","O3.gain","O3.offset"
"AQY BB-607","2019-12-05","2019-12-05 12:30:00","San Pablo - Rumrill",-122.418807,37.962284,"2019-01-01 00:00:00","2020-01-04 10:00:00",1,0
"AQY BB-607","2019-12-05","2019-12-05 12:30:00","San Pablo - Rumrill",-122.418807,37.962284,"2020-01-04 11:00:00","2020-01-12 18:00:00",2.39033963828618,-42.421333114008
"AQY BB-607","2019-12-05","2019-12-05 12:30:00","San Pablo - Rumrill",-122.418807,37.962284,"2020-01-12 19:00:00","2020-02-08 05:00:00",2.38507291163061,-45.6023335293825
"AQY BB-607","2019-12-05","2019-12-05 12:30:00","San Pablo - Rumrill",-122.418807,37.962284,"2020-02-08 06:00:00","2020-02-26 23:00:00",2.14220132126324,-43.0989555823053
"AQY BB-607","2019-12-05","2019-12-05 12:30:00","San Pablo - Rumrill",-122.418807,37.962284,"2020-02-27 00:00:00","2020-03-06 07:00:00",1.97243126844424,-39.4418167638345
"AQY BB-607","2019-12-05","2019-12-05 12:30:00","San Pablo - Rumrill",-122.418807,37.962284,"2020-03-06 08:00:00","2020-03-14 15:00:00",1.83291411709874,-35.3625303577213
"AQY BB-607","2019-12-05","2019-12-05 12:30:00","San Pablo - Rumrill",-122.418807,37.962284,"2020-03-14 16:00:00","2020-03-22 23:00:00",1.96163220733806,-41.8005049642053
"AQY BB-607","2019-12-05","2019-12-05 12:30:00","San Pablo - Rumrill",-122.418807,37.962284,"2020-03-23 00:00:00","2020-03-31 07:00:00",1.90678476925599,-41.8325471999661
"AQY BB-607","2019-12-05","2019-12-05 12:30:00","San Pablo - Rumrill",-122.418807,37.962284,"2020-03-31 08:00:00","2020-04-25 07:00:00",1.96810278052516,-46.5759966953699
"AQY BB-607","2019-12-05","2019-12-05 12:30:00","San Pablo - Rumrill",-122.418807,37.962284,"2020-04-25 08:00:00","2020-04-29 11:00:00",1.66891602266773,-36.5747111685664
"AQY BB-607","2019-12-05","2019-12-05 12:30:00","San Pablo - Rumrill",-122.418807,37.962284,"2020-04-29 12:00:00","2020-08-16 05:00:00",1.47300752154538,-28.6610242353284
"AQY BB-607","2019-12-05","2019-12-05 12:30:00","San Pablo - Rumrill",-122.418807,37.962284,"2020-08-16 06:00:00","2020-08-20 09:00:00",1.47651408208434,-27.7872306537886
"AQY BB-607","2019-12-05","2019-12-05 12:30:00","San Pablo - Rumrill",-122.418807,37.962284,"2020-08-20 10:00:00","2020-08-24 13:00:00",1.27245382414798,-20.1635132552966
"AQY BB-607","2019-12-05","2019-12-05 12:30:00","San Pablo - Rumrill",-122.418807,37.962284,"2020-08-24 14:00:00","2020-08-28 17:00:00",1.16406366536985,-15.0820467775804
"AQY BB-607","2019-12-05","2019-12-05 12:30:00","San Pablo - Rumrill",-122.418807,37.962284,"2020-08-28 18:00:00","2020-09-01 21:00:00",1.17898026950066,-13.9617891597267
"AQY BB-607","2019-12-05","2019-12-05 12:30:00","San Pablo - Rumrill",-122.418807,37.962284,"2020-09-01 22:00:00","2020-09-06 01:00:00",1.22313285699438,-13.4146469810494
"AQY BB-607","2019-12-05","2019-12-05 12:30:00","San Pablo - Rumrill",-122.418807,37.962284,"2020-09-06 02:00:00","2020-09-14 09:00:00",1.43908973301982,-17.6293653649443
"AQY BB-607","2019-12-05","2019-12-05 12:30:00","San Pablo - Rumrill",-122.418807,37.962284,"2020-09-14 10:00:00","2020-09-18 13:00:00",2.2041877727377,-35.7917977093507
"AQY BB-607","2019-12-05","2019-12-05 12:30:00","San Pablo - Rumrill",-122.418807,37.962284,"2020-09-18 14:00:00","2020-09-22 17:00:00",2.68576454651971,-48.3860502554996
"AQY BB-607","2019-12-05","2019-12-05 12:30:00","San Pablo - Rumrill",-122.418807,37.962284,"2020-09-22 18:00:00","2020-10-09 09:00:00",2.69032392445506,-50.1002400923885
"AQY BB-607","2019-12-05","2019-12-05 12:30:00","San Pablo - Rumrill",-122.418807,37.962284,"2020-10-09 10:00:00","2020-10-30 05:00:00",2.2009373353332,-39.3977163791581
"AQY BB-607","2019-12-05","2019-12-05 12:30:00","San Pablo - Rumrill",-122.418807,37.962284,"2020-10-30 06:00:00","2020-11-07 13:00:00",2.21374708157356,-40.5336191847234
"AQY BB-607","2019-12-05","2019-12-05 12:30:00","San Pablo - Rumrill",-122.418807,37.962284,"2020-11-07 14:00:00","2020-11-11 17:00:00",2.22786109223926,-43.5503280904666
"AQY BB-607","2019-12-05","2019-12-05 12:30:00","San Pablo - Rumrill",-122.418807,37.962284,"2020-11-11 18:00:00","2020-11-15 21:00:00",2.19985717790727,-44.3538009848576
"AQY BB-607","2019-12-05","2019-12-05 12:30:00","San Pablo - Rumrill",-122.418807,37.962284,"2020-11-15 22:00:00","2020-11-20 01:00:00",2.34196545828462,-50.5260045706051
"AQY BB-607","2019-12-05","2019-12-05 12:30:00","San Pablo - Rumrill",-122.418807,37.962284,"2020-11-20 02:00:00","2020-11-24 05:00:00",2.44457487656155,-55.6451866225298
"AQY BB-607","2019-12-05","2019-12-05 12:30:00","San Pablo - Rumrill",-122.418807,37.962284,"2020-11-24 06:00:00","2199-12-31 23:59:59",2.64345796426359,-64.8209749038286
"AQY BB-608","2020-09-17","2020-09-17 10:30:00","San Pablo - Rumrill",-122.346801,37.952227,"2019-01-01 00:00:00","2020-09-18 13:00:00",1,0
"AQY BB-608","2020-09-17","2020-09-17 10:30:00","San Pablo - Rumrill",-122.346801,37.952227,"2020-09-18 14:00:00","2020-10-17 17:00:00",0.886490825378703,-5.24482280453319
"AQY BB-608","2020-09-17","2020-09-17 10:30:00","San Pablo - Rumrill",-122.346801,37.952227,"2020-10-17 18:00:00","2020-10-30 05:00:00",1.15023476260026,-12.7895984508011
"AQY BB-608","2020-09-17","2020-09-17 10:30:00","San Pablo - Rumrill",-122.346801,37.952227,"2020-10-30 06:00:00","2020-12-02 13:00:00",1.28621052358784,-16.5053160218615
"AQY BB-608","2020-09-17","2020-09-17 10:30:00","San Pablo - Rumrill",-122.346801,37.952227,"2020-12-02 14:00:00","2199-12-31 23:59:59",1.31763172598611,-19.2241793872489
"AQY BB-609","2019-12-18","2019-12-18 11:00:00","Vallejo",-122.316503,37.93897,"2019-01-01 00:00:00","2020-08-07 21:00:00",1,0
"AQY BB-609","2019-12-18","2019-12-18 11:00:00","Vallejo",-122.316503,37.93897,"2020-08-07 22:00:00","2020-08-16 05:00:00",1.74273157600343,-25.6424527590566
"AQY BB-609","2019-12-18","2019-12-18 11:00:00","Vallejo",-122.316503,37.93897,"2020-08-16 06:00:00","2020-08-20 09:00:00",1.53523865620591,-16.4416354724056
"AQY BB-609","2019-12-18","2019-12-18 11:00:00","Vallejo",-122.316503,37.93897,"2020-08-20 10:00:00","2020-08-28 17:00:00",1.57445907170145,-13.6332582147738
"AQY BB-609","2019-12-18","2019-12-18 11:00:00","Vallejo",-122.316503,37.93897,"2020-08-28 18:00:00","2020-09-01 21:00:00",1.57574731661083,-13.2659813313394
"AQY BB-609","2019-12-18","2019-12-18 11:00:00","Vallejo",-122.316503,37.93897,"2020-09-01 22:00:00","2020-10-09 09:00:00",1.47036493753354,-11.9544670420341
"AQY BB-609","2019-12-18","2019-12-18 11:00:00","Vallejo",-122.316503,37.93897,"2020-10-09 10:00:00","2020-10-13 13:00:00",1.48769411219161,-12.3373952211136
"AQY BB-609","2019-12-18","2019-12-18 11:00:00","Vallejo",-122.316503,37.93897,"2020-10-13 14:00:00","2020-10-26 01:00:00",1.51036201242394,-13.7814586799696
"AQY BB-609","2019-12-18","2019-12-18 11:00:00","Vallejo",-122.316503,37.93897,"2020-10-26 02:00:00","2020-10-30 05:00:00",1.40243045267893,-16.6932583884031
"AQY BB-609","2019-12-18","2019-12-18 11:00:00","Vallejo",-122.316503,37.93897,"2020-10-30 06:00:00","2020-11-07 13:00:00",1.2896555971898,-17.225649443784
"AQY BB-609","2019-12-18","2019-12-18 11:00:00","Vallejo",-122.316503,37.93897,"2020-11-07 14:00:00","2020-11-11 17:00:00",1.27545155597576,-20.6107821215397
"AQY BB-609","2019-12-18","2019-12-18 11:00:00","Vallejo",-122.316503,37.93897,"2020-11-11 18:00:00","2020-11-15 21:00:00",1.29871015014754,-23.7502192864341
"AQY BB-609","2019-12-18","2019-12-18 11:00:00","Vallejo",-122.316503,37.93897,"2020-11-15 22:00:00","2020-11-28 09:00:00",1.30070999451099,-25.0080291732468
"AQY BB-609","2019-12-18","2019-12-18 11:00:00","Vallejo",-122.316503,37.93897,"2020-11-28 10:00:00","2020-12-02 13:00:00",1.31929891988036,-29.8840932719981
"AQY BB-609","2019-12-18","2019-12-18 11:00:00","Vallejo",-122.316503,37.93897,"2020-12-02 14:00:00","2020-12-06 17:00:00",1.15573060118335,-25.2519288279992
"AQY BB-609","2019-12-18","2019-12-18 11:00:00","Vallejo",-122.316503,37.93897,"2020-12-06 18:00:00","2199-12-31 23:59:59",1.16192970881432,-28.3464041002239
"AQY BB-610","2020-03-13","2020-03-13 16:00:00","Vallejo",-122.336573,37.951862,"2019-01-01 00:00:00","2020-11-28 09:00:00",1,0
"AQY BB-610","2020-03-13","2020-03-13 16:00:00","Vallejo",-122.336573,37.951862,"2020-11-28 10:00:00","2020-12-02 13:00:00",14.9167259966447,-244.889492443693
"AQY BB-610","2020-03-13","2020-03-13 16:00:00","Vallejo",-122.336573,37.951862,"2020-12-02 14:00:00","2020-12-19 05:00:00",20.8942257203633,-348.403426496526
"AQY BB-610","2020-03-13","2020-03-13 16:00:00","Vallejo",-122.336573,37.951862,"2020-12-19 06:00:00","2199-12-31 23:59:59",17.9198650633021,-298.322330390313
"AQY BB-611","2019-12-05","2019-12-05 09:30:00","Vallejo",-122.367769,37.938903,"2019-01-01 00:00:00","2020-08-07 21:00:00",1,0
"AQY BB-611","2019-12-05","2019-12-05 09:30:00","Vallejo",-122.367769,37.938903,"2020-08-07 22:00:00","2020-08-20 09:00:00",2.41486630587905,-52.5381537400639
"AQY BB-611","2019-12-05","2019-12-05 09:30:00","Vallejo",-122.367769,37.938903,"2020-08-20 10:00:00","2020-08-28 17:00:00",2.49883658237741,-50.4959324674775
"AQY BB-611","2019-12-05","2019-12-05 09:30:00","Vallejo",-122.367769,37.938903,"2020-08-28 18:00:00","2199-12-31 23:59:59",2.6390317370905,-54.5039473966282
"AQY BB-633","2020-06-03","2020-06-03 12:00:00","San Pablo - Rumrill",-122.356809,37.960428,"2019-01-01 00:00:00","2020-06-06 09:00:00",1,0
"AQY BB-633","2020-06-03","2020-06-03 12:00:00","San Pablo - Rumrill",-122.356809,37.960428,"2020-06-06 10:00:00","2020-06-23 01:00:00",1.94134511210937,-30.6527483607402
"AQY BB-633","2020-06-03","2020-06-03 12:00:00","San Pablo - Rumrill",-122.356809,37.960428,"2020-06-23 02:00:00","2020-07-13 21:00:00",2.11860642556331,-38.091085422789
"AQY BB-633","2020-06-03","2020-06-03 12:00:00","San Pablo - Rumrill",-122.356809,37.960428,"2020-07-13 22:00:00","2199-12-31 23:59:59",2.01691243192343,-36.3775419759232
"AQY BB-634","2019-12-06","2019-12-06 13:00:00","San Leandro",-122.362565,37.923745,"2019-01-01 00:00:00","2199-12-31 23:59:59",1,0
"AQY BB-635","2019-12-09","2019-12-09 18:30:00","San Pablo - Rumrill",-122.356061,37.958616,"2019-01-01 00:00:00","2020-01-04 10:00:00",1,0
"AQY BB-635","2019-12-09","2019-12-09 18:30:00","San Pablo - Rumrill",-122.356061,37.958616,"2020-01-04 11:00:00","2020-01-16 22:00:00",2.10178157098012,-25.1095133317624
"AQY BB-635","2019-12-09","2019-12-09 18:30:00","San Pablo - Rumrill",-122.356061,37.958616,"2020-01-16 23:00:00","2020-03-14 15:00:00",1.94794689867433,-23.7283593276166
"AQY BB-635","2019-12-09","2019-12-09 18:30:00","San Pablo - Rumrill",-122.356061,37.958616,"2020-03-14 16:00:00","2020-06-27 05:00:00",1.88144048542301,-25.309237310021
"AQY BB-635","2019-12-09","2019-12-09 18:30:00","San Pablo - Rumrill",-122.356061,37.958616,"2020-06-27 06:00:00","2020-07-30 13:00:00",1.93429668232104,-28.757492744186
"AQY BB-635","2019-12-09","2019-12-09 18:30:00","San Pablo - Rumrill",-122.356061,37.958616,"2020-07-30 14:00:00","2020-08-03 17:00:00",1.52217300961065,-18.5882948492728
"AQY BB-635","2019-12-09","2019-12-09 18:30:00","San Pablo - Rumrill",-122.356061,37.958616,"2020-08-03 18:00:00","2199-12-31 23:59:59",1.85684943343315,-28.2640533675527
"AQY BB-636","2019-12-05","2019-12-05 11:30:00","San Leandro",-122.386987,37.927338,"2019-01-01 00:00:00","2199-12-31 23:59:59",1,0
"AQY BB-637","2019-12-09","2019-12-09 11:30:00","San Pablo - Rumrill",-122.3381,37.939946,"2019-01-01 00:00:00","2020-01-04 10:00:00",1,0
"AQY BB-637","2019-12-09","2019-12-09 11:30:00","San Pablo - Rumrill",-122.3381,37.939946,"2020-01-04 11:00:00","2020-03-02 03:00:00",2.10574537032966,-29.2538388851604
"AQY BB-637","2019-12-09","2019-12-09 11:30:00","San Pablo - Rumrill",-122.3381,37.939946,"2020-03-02 04:00:00","2020-04-08 15:00:00",1.77992350403187,-24.8199856214753
"AQY BB-637","2019-12-09","2019-12-09 11:30:00","San Pablo - Rumrill",-122.3381,37.939946,"2020-04-08 16:00:00","2020-05-08 05:00:00",1.71453942463333,-24.5338733134666
"AQY BB-637","2019-12-09","2019-12-09 11:30:00","San Pablo - Rumrill",-122.3381,37.939946,"2020-05-08 06:00:00","2020-06-23 01:00:00",1.77343826104357,-28.3958049237649
"AQY BB-637","2019-12-09","2019-12-09 11:30:00","San Pablo - Rumrill",-122.3381,37.939946,"2020-06-23 02:00:00","2020-08-20 09:00:00",1.78777715286929,-31.3368040531093
"AQY BB-637","2019-12-09","2019-12-09 11:30:00","San Pablo - Rumrill",-122.3381,37.939946,"2020-08-20 10:00:00","2020-10-21 21:00:00",1.64484129245365,-25.8427877031551
"AQY BB-637","2019-12-09","2019-12-09 11:30:00","San Pablo - Rumrill",-122.3381,37.939946,"2020-10-21 22:00:00","2020-10-30 05:00:00",1.73528392916645,-26.0336354591035
"AQY BB-637","2019-12-09","2019-12-09 11:30:00","San Pablo - Rumrill",-122.3381,37.939946,"2020-10-30 06:00:00","2020-11-20 01:00:00",1.7416603963979,-26.3370840483667
"AQY BB-637","2019-12-09","2019-12-09 11:30:00","San Pablo - Rumrill",-122.3381,37.939946,"2020-11-20 02:00:00","2199-12-31 23:59:59",1.90280008792661,-33.3295355250893
"AQY BB-638","2019-12-21","2019-12-21 14:40:00","San Pablo - Rumrill",-122.362551,37.953197,"2019-01-01 00:00:00","2020-01-04 10:00:00",1,0
"AQY BB-638","2019-12-21","2019-12-21 14:40:00","San Pablo - Rumrill",-122.362551,37.953197,"2020-01-04 11:00:00","2020-01-08 14:00:00",2.43791293407339,-36.0027634744398
"AQY BB-638","2019-12-21","2019-12-21 14:40:00","San Pablo - Rumrill",-122.362551,37.953197,"2020-01-08 15:00:00","2020-01-16 22:00:00",2.28848501252961,-33.7852461776009
"AQY BB-638","2019-12-21","2019-12-21 14:40:00","San Pablo - Rumrill",-122.362551,37.953197,"2020-01-16 23:00:00","2020-02-26 23:00:00",2.07236257545856,-30.386256055416
"AQY BB-638","2019-12-21","2019-12-21 14:40:00","San Pablo - Rumrill",-122.362551,37.953197,"2020-02-27 00:00:00","2020-04-16 23:00:00",1.69222696769525,-24.1560247809444
"AQY BB-638","2019-12-21","2019-12-21 14:40:00","San Pablo - Rumrill",-122.362551,37.953197,"2020-04-17 00:00:00","2020-07-18 01:00:00",1.57250928076324,-23.4381786562916
"AQY BB-638","2019-12-21","2019-12-21 14:40:00","San Pablo - Rumrill",-122.362551,37.953197,"2020-07-18 02:00:00","2020-09-10 05:00:00",1.47123899451297,-18.3050415447998
"AQY BB-638","2019-12-21","2019-12-21 14:40:00","San Pablo - Rumrill",-122.362551,37.953197,"2020-09-10 06:00:00","2020-09-14 09:00:00",1.59804053935188,-22.9796507048529
"AQY BB-638","2019-12-21","2019-12-21 14:40:00","San Pablo - Rumrill",-122.362551,37.953197,"2020-09-14 10:00:00","2020-09-18 13:00:00",1.72295687347047,-25.5595030569713
"AQY BB-638","2019-12-21","2019-12-21 14:40:00","San Pablo - Rumrill",-122.362551,37.953197,"2020-09-18 14:00:00","2020-09-22 17:00:00",1.79411318135606,-26.9461618710839
"AQY BB-638","2019-12-21","2019-12-21 14:40:00","San Pablo - Rumrill",-122.362551,37.953197,"2020-09-22 18:00:00","2020-09-26 21:00:00",1.78312806721499,-25.4250412658206
"AQY BB-638","2019-12-21","2019-12-21 14:40:00","San Pablo - Rumrill",-122.362551,37.953197,"2020-09-26 22:00:00","2020-10-01 01:00:00",1.82862760756469,-25.714753633035
"AQY BB-638","2019-12-21","2019-12-21 14:40:00","San Pablo - Rumrill",-122.362551,37.953197,"2020-10-01 02:00:00","2020-10-05 05:00:00",1.9404635704605,-27.1406030461501
"AQY BB-638","2019-12-21","2019-12-21 14:40:00","San Pablo - Rumrill",-122.362551,37.953197,"2020-10-05 06:00:00","2020-10-09 09:00:00",2.15090755971723,-30.9190266303777
"AQY BB-638","2019-12-21","2019-12-21 14:40:00","San Pablo - Rumrill",-122.362551,37.953197,"2020-10-09 10:00:00","2020-10-13 13:00:00",3.14934548943538,-52.7714028906452
"AQY BB-638","2019-12-21","2019-12-21 14:40:00","San Pablo - Rumrill",-122.362551,37.953197,"2020-10-13 14:00:00","2020-12-15 01:00:00",3.76552126744948,-64.7146283908456
"AQY BB-638","2019-12-21","2019-12-21 14:40:00","San Pablo - Rumrill",-122.362551,37.953197,"2020-12-15 02:00:00","2199-12-31 23:59:59",5.24700197254819,-91.613513695155
"AQY BB-639","2019-12-19","2019-12-19 11:00:00","San Leandro",-122.388734,37.925888,"2019-01-01 00:00:00","2199-12-31 23:59:59",1,0
"AQY BB-640","2019-12-05","2019-12-05 10:30:00","San Pablo - Rumrill",-122.362237,37.958527,"2019-01-01 00:00:00","2020-01-04 10:00:00",1,0
"AQY BB-640","2019-12-05","2019-12-05 10:30:00","San Pablo - Rumrill",-122.362237,37.958527,"2020-01-04 11:00:00","2020-02-12 09:00:00",2.88809399671129,-36.1785717504996
"AQY BB-640","2019-12-05","2019-12-05 10:30:00","San Pablo - Rumrill",-122.362237,37.958527,"2020-02-12 10:00:00","2020-03-10 11:00:00",2.55430294543018,-32.8631506396013
"AQY BB-640","2019-12-05","2019-12-05 10:30:00","San Pablo - Rumrill",-122.362237,37.958527,"2020-03-10 12:00:00","2020-03-14 15:00:00",2.40294397294205,-32.0101506300953
"AQY BB-640","2019-12-05","2019-12-05 10:30:00","San Pablo - Rumrill",-122.362237,37.958527,"2020-03-14 16:00:00","2020-03-31 07:00:00",2.3864063054805,-32.0129825315908
"AQY BB-640","2019-12-05","2019-12-05 10:30:00","San Pablo - Rumrill",-122.362237,37.958527,"2020-03-31 08:00:00","2020-04-16 23:00:00",2.42918826544547,-35.5677705339481
"AQY BB-640","2019-12-05","2019-12-05 10:30:00","San Pablo - Rumrill",-122.362237,37.958527,"2020-04-17 00:00:00","2020-05-29 01:00:00",2.34727293879723,-35.5579625437074
"AQY BB-640","2019-12-05","2019-12-05 10:30:00","San Pablo - Rumrill",-122.362237,37.958527,"2020-05-29 02:00:00","2020-07-01 09:00:00",2.4670285140436,-40.9143593618451
"AQY BB-640","2019-12-05","2019-12-05 10:30:00","San Pablo - Rumrill",-122.362237,37.958527,"2020-07-01 10:00:00","2020-07-13 21:00:00",2.51993779880742,-43.4565514941324
"AQY BB-640","2019-12-05","2019-12-05 10:30:00","San Pablo - Rumrill",-122.362237,37.958527,"2020-07-13 22:00:00","2020-08-07 21:00:00",2.38741160880683,-40.6486886456614
"AQY BB-640","2019-12-05","2019-12-05 10:30:00","San Pablo - Rumrill",-122.362237,37.958527,"2020-08-07 22:00:00","2020-09-10 05:00:00",2.26668951702755,-38.9211356392654
"AQY BB-640","2019-12-05","2019-12-05 10:30:00","San Pablo - Rumrill",-122.362237,37.958527,"2020-09-10 06:00:00","2020-12-15 01:00:00",2.20386649078784,-34.2447422596898
"AQY BB-640","2019-12-05","2019-12-05 10:30:00","San Pablo - Rumrill",-122.362237,37.958527,"2020-12-15 02:00:00","2199-12-31 23:59:59",2.41294853119496,-38.4816794468413
"AQY BB-641","2019-12-06","2019-12-06 14:00:00","Vallejo",-122.340619,37.913046,"2019-01-01 00:00:00","2020-08-07 21:00:00",1,0
"AQY BB-641","2019-12-06","2019-12-06 14:00:00","Vallejo",-122.340619,37.913046,"2020-08-07 22:00:00","2020-08-20 09:00:00",1.21457901517287,-18.9806920965282
"AQY BB-641","2019-12-06","2019-12-06 14:00:00","Vallejo",-122.340619,37.913046,"2020-08-20 10:00:00","2020-08-28 17:00:00",1.34111789031651,-16.817831838465
"AQY BB-641","2019-12-06","2019-12-06 14:00:00","Vallejo",-122.340619,37.913046,"2020-08-28 18:00:00","2020-10-05 05:00:00",1.22282449813132,-13.0583465215577
"AQY BB-641","2019-12-06","2019-12-06 14:00:00","Vallejo",-122.340619,37.913046,"2020-10-05 06:00:00","2020-10-21 21:00:00",1.18049482092498,-13.0660630908778
"AQY BB-641","2019-12-06","2019-12-06 14:00:00","Vallejo",-122.340619,37.913046,"2020-10-21 22:00:00","2020-10-26 01:00:00",1.00852773820741,-9.27484711564248
"AQY BB-641","2019-12-06","2019-12-06 14:00:00","Vallejo",-122.340619,37.913046,"2020-10-26 02:00:00","2020-10-30 05:00:00",0.900654166040273,-7.29726400422068
"AQY BB-641","2019-12-06","2019-12-06 14:00:00","Vallejo",-122.340619,37.913046,"2020-10-30 06:00:00","2020-11-07 13:00:00",0.932152404952417,-10.4657007772095
"AQY BB-641","2019-12-06","2019-12-06 14:00:00","Vallejo",-122.340619,37.913046,"2020-11-07 14:00:00","2199-12-31 23:59:59",0.914533851052936,-10.7251159347974
"AQY BB-642","2020-06-03","2020-06-03 12:00:00","San Pablo - Rumrill",-122.356809,37.960428,"2019-01-01 00:00:00","2020-06-06 09:00:00",1,0
"AQY BB-642","2020-06-03","2020-06-03 12:00:00","San Pablo - Rumrill",-122.356809,37.960428,"2020-06-06 10:00:00","2020-06-10 13:00:00",2.15038326509391,-29.7117789684828
"AQY BB-642","2020-06-03","2020-06-03 12:00:00","San Pablo - Rumrill",-122.356809,37.960428,"2020-06-10 14:00:00","2020-09-10 05:00:00",2.4899660742231,-40.9169391664875
"AQY BB-642","2020-06-03","2020-06-03 12:00:00","San Pablo - Rumrill",-122.356809,37.960428,"2020-09-10 06:00:00","2020-09-14 09:00:00",2.87145455358394,-46.9748519915924
"AQY BB-642","2020-06-03","2020-06-03 12:00:00","San Pablo - Rumrill",-122.356809,37.960428,"2020-09-14 10:00:00","2020-09-18 13:00:00",3.06518353163282,-50.1206780830817
"AQY BB-642","2020-06-03","2020-06-03 12:00:00","San Pablo - Rumrill",-122.356809,37.960428,"2020-09-18 14:00:00","2020-09-22 17:00:00",3.02577378657952,-48.0134958117385
"AQY BB-642","2020-06-03","2020-06-03 12:00:00","San Pablo - Rumrill",-122.356809,37.960428,"2020-09-22 18:00:00","2020-09-26 21:00:00",3.02366608721444,-46.9132191349788
"AQY BB-642","2020-06-03","2020-06-03 12:00:00","San Pablo - Rumrill",-122.356809,37.960428,"2020-09-26 22:00:00","2020-10-01 01:00:00",3.06274537922709,-46.4944770760406
"AQY BB-642","2020-06-03","2020-06-03 12:00:00","San Pablo - Rumrill",-122.356809,37.960428,"2020-10-01 02:00:00","2020-10-13 13:00:00",3.38776564447415,-51.8405253734801
"AQY BB-642","2020-06-03","2020-06-03 12:00:00","San Pablo - Rumrill",-122.356809,37.960428,"2020-10-13 14:00:00","2199-12-31 23:59:59",4.43986819063689,-71.024023836057
"AQY BB-643","2019-12-06","2019-12-06 11:00:00","San Pablo - Rumrill",-122.350804,37.978882,"2019-01-01 00:00:00","2020-01-04 10:00:00",1,0
"AQY BB-643","2019-12-06","2019-12-06 11:00:00","San Pablo - Rumrill",-122.350804,37.978882,"2020-01-04 11:00:00","2020-01-12 18:00:00",1.7486847529589,-28.7007017958604
"AQY BB-643","2019-12-06","2019-12-06 11:00:00","San Pablo - Rumrill",-122.350804,37.978882,"2020-01-12 19:00:00","2020-02-02 14:00:00",1.5791030266754,-26.1335353030987
"AQY BB-643","2019-12-06","2019-12-06 11:00:00","San Pablo - Rumrill",-122.350804,37.978882,"2020-02-02 15:00:00","2020-03-14 15:00:00",1.43448358351684,-23.5550168439821
"AQY BB-643","2019-12-06","2019-12-06 11:00:00","San Pablo - Rumrill",-122.350804,37.978882,"2020-03-14 16:00:00","2020-08-12 01:00:00",1.17687715195196,-15.2146869784889
"AQY BB-643","2019-12-06","2019-12-06 11:00:00","San Pablo - Rumrill",-122.350804,37.978882,"2020-08-12 02:00:00","2020-08-16 05:00:00",0.838310393372694,-1.81629859536998
"AQY BB-643","2019-12-06","2019-12-06 11:00:00","San Pablo - Rumrill",-122.350804,37.978882,"2020-08-16 06:00:00","2020-10-05 05:00:00",1.06131257304792,-7.01159146414749
"AQY BB-643","2019-12-06","2019-12-06 11:00:00","San Pablo - Rumrill",-122.350804,37.978882,"2020-10-05 06:00:00","2020-11-07 13:00:00",1.04350720498897,-8.2269288988164
"AQY BB-643","2019-12-06","2019-12-06 11:00:00","San Pablo - Rumrill",-122.350804,37.978882,"2020-11-07 14:00:00","2020-12-15 01:00:00",0.823108606810764,-3.56575707443645
"AQY BB-643","2019-12-06","2019-12-06 11:00:00","San Pablo - Rumrill",-122.350804,37.978882,"2020-12-15 02:00:00","2199-12-31 23:59:59",0.768110221060697,-5.62648749629185
"AQY BB-644","2019-12-06","2019-12-06 17:00:00","Vallejo",-122.33812,37.950787,"2019-01-01 00:00:00","2020-08-07 21:00:00",1,0
"AQY BB-644","2019-12-06","2019-12-06 17:00:00","Vallejo",-122.33812,37.950787,"2020-08-07 22:00:00","2020-08-20 09:00:00",2.53727711049851,-58.5918354412606
"AQY BB-644","2019-12-06","2019-12-06 17:00:00","Vallejo",-122.33812,37.950787,"2020-08-20 10:00:00","2020-09-18 13:00:00",2.6371064908771,-55.6299962221789
"AQY BB-644","2019-12-06","2019-12-06 17:00:00","Vallejo",-122.33812,37.950787,"2020-09-18 14:00:00","2020-10-30 05:00:00",2.55719378133223,-50.3075981441994
"AQY BB-644","2019-12-06","2019-12-06 17:00:00","Vallejo",-122.33812,37.950787,"2020-10-30 06:00:00","2020-11-28 09:00:00",2.91932637037714,-61.742953369809
"AQY BB-644","2019-12-06","2019-12-06 17:00:00","Vallejo",-122.33812,37.950787,"2020-11-28 10:00:00","2020-12-23 09:00:00",2.52436133802453,-54.4714395633628
"AQY BB-644","2019-12-06","2019-12-06 17:00:00","Vallejo",-122.33812,37.950787,"2020-12-23 10:00:00","2199-12-31 23:59:59",1.90661362245219,-41.0730409783845
"AQY BB-646","2019-12-21","2019-12-21 16:00:00","Berkeley Aquatic Park",-122.350017,37.91678,"2019-01-01 00:00:00","2020-01-04 10:00:00",1,0
"AQY BB-646","2019-12-21","2019-12-21 16:00:00","Berkeley Aquatic Park",-122.350017,37.91678,"2020-01-04 11:00:00","2020-01-12 18:00:00",1.98318908309972,-21.7350832297018
"AQY BB-646","2019-12-21","2019-12-21 16:00:00","Berkeley Aquatic Park",-122.350017,37.91678,"2020-01-12 19:00:00","2020-02-17 15:00:00",1.89427394563326,-21.3937242561295
"AQY BB-646","2019-12-21","2019-12-21 16:00:00","Berkeley Aquatic Park",-122.350017,37.91678,"2020-02-17 16:00:00","2020-02-21 19:00:00",1.83716254066817,-25.2880646154144
"AQY BB-646","2019-12-21","2019-12-21 16:00:00","Berkeley Aquatic Park",-122.350017,37.91678,"2020-02-21 20:00:00","2020-03-14 15:00:00",1.96063277208646,-29.550474938449
"AQY BB-646","2019-12-21","2019-12-21 16:00:00","Berkeley Aquatic Park",-122.350017,37.91678,"2020-03-14 16:00:00","2020-04-04 11:00:00",2.02349526154495,-33.5350871324098
"AQY BB-646","2019-12-21","2019-12-21 16:00:00","Berkeley Aquatic Park",-122.350017,37.91678,"2020-04-04 12:00:00","2020-05-24 21:00:00",1.92114897512354,-31.1065062391565
"AQY BB-646","2019-12-21","2019-12-21 16:00:00","Berkeley Aquatic Park",-122.350017,37.91678,"2020-05-24 22:00:00","2020-07-05 13:00:00",2.15336598077543,-37.726662496294
"AQY BB-646","2019-12-21","2019-12-21 16:00:00","Berkeley Aquatic Park",-122.350017,37.91678,"2020-07-05 14:00:00","2020-09-01 21:00:00",2.48326972799206,-46.8664084679372
"AQY BB-646","2019-12-21","2019-12-21 16:00:00","Berkeley Aquatic Park",-122.350017,37.91678,"2020-09-01 22:00:00","2020-09-10 05:00:00",2.71393153579918,-51.6444216859913
"AQY BB-646","2019-12-21","2019-12-21 16:00:00","Berkeley Aquatic Park",-122.350017,37.91678,"2020-09-10 06:00:00","2020-09-14 09:00:00",2.82990054075143,-53.3241961520361
"AQY BB-646","2019-12-21","2019-12-21 16:00:00","Berkeley Aquatic Park",-122.350017,37.91678,"2020-09-14 10:00:00","2020-11-03 09:00:00",3.05620943343322,-57.5271260688746
"AQY BB-646","2019-12-21","2019-12-21 16:00:00","Berkeley Aquatic Park",-122.350017,37.91678,"2020-11-03 10:00:00","2199-12-31 23:59:59",3.35826367369997,-55.2893201187981
"AQY BB-647","2019-12-16","2019-12-16 12:10:00","Berkeley Aquatic Park",-122.326398,37.946382,"2019-01-01 00:00:00","2020-01-04 10:00:00",1,0
"AQY BB-647","2019-12-16","2019-12-16 12:10:00","Berkeley Aquatic Park",-122.326398,37.946382,"2020-01-04 11:00:00","2020-03-27 03:00:00",0.962289217224816,-5.94447314207116
"AQY BB-647","2019-12-16","2019-12-16 12:10:00","Berkeley Aquatic Park",-122.326398,37.946382,"2020-03-27 04:00:00","2020-03-31 07:00:00",0.864254628088064,-4.10258296239033
"AQY BB-647","2019-12-16","2019-12-16 12:10:00","Berkeley Aquatic Park",-122.326398,37.946382,"2020-03-31 08:00:00","2020-06-23 01:00:00",0.790070297826357,-0.123615499004995
"AQY BB-647","2019-12-16","2019-12-16 12:10:00","Berkeley Aquatic Park",-122.326398,37.946382,"2020-06-23 02:00:00","2020-07-01 09:00:00",0.888532927088876,-4.51142612541982
"AQY BB-647","2019-12-16","2019-12-16 12:10:00","Berkeley Aquatic Park",-122.326398,37.946382,"2020-07-01 10:00:00","2020-07-09 17:00:00",0.894749888236681,-5.31541371716722
"AQY BB-647","2019-12-16","2019-12-16 12:10:00","Berkeley Aquatic Park",-122.326398,37.946382,"2020-07-09 18:00:00","2020-07-13 21:00:00",0.815745618206388,-4.13124381156005
"AQY BB-647","2019-12-16","2019-12-16 12:10:00","Berkeley Aquatic Park",-122.326398,37.946382,"2020-07-13 22:00:00","2020-07-26 09:00:00",0.829218001042425,-5.11406811559454
"AQY BB-647","2019-12-16","2019-12-16 12:10:00","Berkeley Aquatic Park",-122.326398,37.946382,"2020-07-26 10:00:00","2020-09-10 05:00:00",0.860605230827572,-7.44625074492797
"AQY BB-647","2019-12-16","2019-12-16 12:10:00","Berkeley Aquatic Park",-122.326398,37.946382,"2020-09-10 06:00:00","2020-10-30 05:00:00",0.697962367134785,-1.00742085282455
"AQY BB-647","2019-12-16","2019-12-16 12:10:00","Berkeley Aquatic Park",-122.326398,37.946382,"2020-10-30 06:00:00","2020-11-28 09:00:00",0.81884792531379,-5.81645329009475
"AQY BB-647","2019-12-16","2019-12-16 12:10:00","Berkeley Aquatic Park",-122.326398,37.946382,"2020-11-28 10:00:00","2020-12-02 13:00:00",0.774636165476288,-7.95887263504068
"AQY BB-647","2019-12-16","2019-12-16 12:10:00","Berkeley Aquatic Park",-122.326398,37.946382,"2020-12-02 14:00:00","2020-12-06 17:00:00",0.779376747218529,-8.74601616815039
"AQY BB-647","2019-12-16","2019-12-16 12:10:00","Berkeley Aquatic Park",-122.326398,37.946382,"2020-12-06 18:00:00","2199-12-31 23:59:59",0.761343307229174,-9.58695122697666
"AQY BB-648","2019-12-05","2019-12-05 13:15:00","San Leandro",-122.307056,37.907775,"2019-01-01 00:00:00","2199-12-31 23:59:59",1,0
"AQY BB-649","2019-12-06","2019-12-06 14:45:00","San Ramon",-122.309832,37.940881,"2019-01-01 00:00:00","2020-08-07 21:00:00",1,0
"AQY BB-649","2019-12-06","2019-12-06 14:45:00","San Ramon",-122.309832,37.940881,"2020-08-07 22:00:00","2020-08-16 05:00:00",10.7426791656333,-256.300956236853
"AQY BB-649","2019-12-06","2019-12-06 14:45:00","San Ramon",-122.309832,37.940881,"2020-08-16 06:00:00","2020-08-20 09:00:00",9.46511894749257,-220.286742258075
"AQY BB-649","2019-12-06","2019-12-06 14:45:00","San Ramon",-122.309832,37.940881,"2020-08-20 10:00:00","2020-08-28 17:00:00",8.09985695807354,-177.362531596508
"AQY BB-649","2019-12-06","2019-12-06 14:45:00","San Ramon",-122.309832,37.940881,"2020-08-28 18:00:00","2020-09-01 21:00:00",8.75984033514526,-192.134751609555
"AQY BB-649","2019-12-06","2019-12-06 14:45:00","San Ramon",-122.309832,37.940881,"2020-09-01 22:00:00","2020-09-10 05:00:00",8.64466417134247,-190.403901831535
"AQY BB-649","2019-12-06","2019-12-06 14:45:00","San Ramon",-122.309832,37.940881,"2020-09-10 06:00:00","2020-09-14 09:00:00",7.72517155858993,-167.92885676667
"AQY BB-649","2019-12-06","2019-12-06 14:45:00","San Ramon",-122.309832,37.940881,"2020-09-14 10:00:00","2020-11-07 13:00:00",8.20295864526278,-177.997173344799
"AQY BB-649","2019-12-06","2019-12-06 14:45:00","San Ramon",-122.309832,37.940881,"2020-11-07 14:00:00","2020-11-28 09:00:00",6.77001828408408,-150.002969059762
"AQY BB-649","2019-12-06","2019-12-06 14:45:00","San Ramon",-122.309832,37.940881,"2020-11-28 10:00:00","2020-12-02 13:00:00",5.88410038626475,-136.554917658316
"AQY BB-649","2019-12-06","2019-12-06 14:45:00","San Ramon",-122.309832,37.940881,"2020-12-02 14:00:00","2020-12-06 17:00:00",5.35052955902046,-124.495615429688
"AQY BB-649","2019-12-06","2019-12-06 14:45:00","San Ramon",-122.309832,37.940881,"2020-12-06 18:00:00","2199-12-31 23:59:59",4.80166022659314,-113.435640701468
"AQY BB-650","2020-08-12","2020-08-12 11:00:00","Berkeley Aquatic Park",-122.364117,37.931852,"2019-01-01 00:00:00","2020-08-28 17:00:00",1,0
"AQY BB-650","2020-08-12","2020-08-12 11:00:00","Berkeley Aquatic Park",-122.364117,37.931852,"2020-08-28 18:00:00","2020-11-28 09:00:00",0.781816758121018,1.86033858399203
"AQY BB-650","2020-08-12","2020-08-12 11:00:00","Berkeley Aquatic Park",-122.364117,37.931852,"2020-11-28 10:00:00","2020-12-23 09:00:00",0.733667816138827,-0.334425888827992
"AQY BB-650","2020-08-12","2020-08-12 11:00:00","Berkeley Aquatic Park",-122.364117,37.931852,"2020-12-23 10:00:00","2199-12-31 23:59:59",0.869684379055828,-0.766747035547056
"AQY BB-651","2019-12-09","2019-12-09 17:00:00","San Pablo - Rumrill",-122.339732,37.936658,"2019-01-01 00:00:00","2020-01-16 22:00:00",1,0
"AQY BB-651","2019-12-09","2019-12-09 17:00:00","San Pablo - Rumrill",-122.339732,37.936658,"2020-01-16 23:00:00","2020-01-21 02:00:00",2.69242780666124,-39.3857402594433
"AQY BB-651","2019-12-09","2019-12-09 17:00:00","San Pablo - Rumrill",-122.339732,37.936658,"2020-01-21 03:00:00","2020-01-25 06:00:00",1.59483063729651,-24.4636000427503
"AQY BB-651","2019-12-09","2019-12-09 17:00:00","San Pablo - Rumrill",-122.339732,37.936658,"2020-01-25 07:00:00","2020-02-26 23:00:00",1.82174341134352,-31.612555236018
"AQY BB-651","2019-12-09","2019-12-09 17:00:00","San Pablo - Rumrill",-122.339732,37.936658,"2020-02-27 00:00:00","2020-03-22 23:00:00",2.134582273684,-37.6785318797219
"AQY BB-651","2019-12-09","2019-12-09 17:00:00","San Pablo - Rumrill",-122.339732,37.936658,"2020-03-23 00:00:00","2020-04-25 07:00:00",1.96906900810144,-31.080982225389
"AQY BB-651","2019-12-09","2019-12-09 17:00:00","San Pablo - Rumrill",-122.339732,37.936658,"2020-04-25 08:00:00","2020-05-20 17:00:00",1.75015448107475,-23.3051664880292
"AQY BB-651","2019-12-09","2019-12-09 17:00:00","San Pablo - Rumrill",-122.339732,37.936658,"2020-05-20 18:00:00","2020-08-07 21:00:00",1.83204955360617,-30.2494637428297
"AQY BB-651","2019-12-09","2019-12-09 17:00:00","San Pablo - Rumrill",-122.339732,37.936658,"2020-08-07 22:00:00","2020-09-14 09:00:00",1.69171505881308,-30.8170431831947
"AQY BB-651","2019-12-09","2019-12-09 17:00:00","San Pablo - Rumrill",-122.339732,37.936658,"2020-09-14 10:00:00","2020-11-20 01:00:00",2.2492541771152,-46.7395881382393
"AQY BB-651","2019-12-09","2019-12-09 17:00:00","San Pablo - Rumrill",-122.339732,37.936658,"2020-11-20 02:00:00","2020-12-15 01:00:00",2.09112330215943,-44.9113122882447
"AQY BB-651","2019-12-09","2019-12-09 17:00:00","San Pablo - Rumrill",-122.339732,37.936658,"2020-12-15 02:00:00","2199-12-31 23:59:59",2.24396830000542,-46.8056182202328
"AQY BB-652","2019-12-16","2019-12-16 11:20:00","San Pablo - Rumrill",-122.349205,37.938642,"2019-01-01 00:00:00","2020-01-04 10:00:00",1,0
"AQY BB-652","2019-12-16","2019-12-16 11:20:00","San Pablo - Rumrill",-122.349205,37.938642,"2020-01-04 11:00:00","2020-01-29 10:00:00",2.3527709434319,-22.7922755504954
"AQY BB-652","2019-12-16","2019-12-16 11:20:00","San Pablo - Rumrill",-122.349205,37.938642,"2020-01-29 11:00:00","2020-03-22 23:00:00",2.36462724018625,-26.5576965601088
"AQY BB-652","2019-12-16","2019-12-16 11:20:00","San Pablo - Rumrill",-122.349205,37.938642,"2020-03-23 00:00:00","2020-03-27 03:00:00",2.34283790255079,-29.224016422933
"AQY BB-652","2019-12-16","2019-12-16 11:20:00","San Pablo - Rumrill",-122.349205,37.938642,"2020-03-27 04:00:00","2020-03-31 07:00:00",2.36787619430841,-31.0164580936069
"AQY BB-652","2019-12-16","2019-12-16 11:20:00","San Pablo - Rumrill",-122.349205,37.938642,"2020-03-31 08:00:00","2020-04-12 19:00:00",2.32680583296032,-30.7764233090547
"AQY BB-652","2019-12-16","2019-12-16 11:20:00","San Pablo - Rumrill",-122.349205,37.938642,"2020-04-12 20:00:00","2020-04-21 03:00:00",2.40951176346629,-35.3419499877942
"AQY BB-652","2019-12-16","2019-12-16 11:20:00","San Pablo - Rumrill",-122.349205,37.938642,"2020-04-21 04:00:00","2020-04-25 07:00:00",2.43602370078673,-37.4428971404611
"AQY BB-652","2019-12-16","2019-12-16 11:20:00","San Pablo - Rumrill",-122.349205,37.938642,"2020-04-25 08:00:00","2020-05-29 01:00:00",2.55471033467792,-41.0514935412736
"AQY BB-652","2019-12-16","2019-12-16 11:20:00","San Pablo - Rumrill",-122.349205,37.938642,"2020-05-29 02:00:00","2020-08-07 21:00:00",3.08133925173391,-52.7719760912313
"AQY BB-652","2019-12-16","2019-12-16 11:20:00","San Pablo - Rumrill",-122.349205,37.938642,"2020-08-07 22:00:00","2020-08-20 09:00:00",2.68093793279135,-43.1095672146307
"AQY BB-652","2019-12-16","2019-12-16 11:20:00","San Pablo - Rumrill",-122.349205,37.938642,"2020-08-20 10:00:00","2020-09-10 05:00:00",2.78546659836826,-46.859134625611
"AQY BB-652","2019-12-16","2019-12-16 11:20:00","San Pablo - Rumrill",-122.349205,37.938642,"2020-09-10 06:00:00","2199-12-31 23:59:59",3.16773898351433,-55.6569113817486
"AQY BB-787","2020-08-12","2020-08-12 12:00:00","Vallejo",-122.33885,37.962904,"2019-01-01 00:00:00","2020-08-16 05:00:00",1,0
"AQY BB-787","2020-08-12","2020-08-12 12:00:00","Vallejo",-122.33885,37.962904,"2020-08-16 06:00:00","2020-08-28 17:00:00",1.79506938841673,-9.58871316612082
"AQY BB-787","2020-08-12","2020-08-12 12:00:00","Vallejo",-122.33885,37.962904,"2020-08-28 18:00:00","2020-10-05 05:00:00",1.83534983293929,-7.40433062606959
"AQY BB-787","2020-08-12","2020-08-12 12:00:00","Vallejo",-122.33885,37.962904,"2020-10-05 06:00:00","2020-10-26 01:00:00",1.64314276442227,-7.1858960167893
"AQY BB-787","2020-08-12","2020-08-12 12:00:00","Vallejo",-122.33885,37.962904,"2020-10-26 02:00:00","2020-10-30 05:00:00",1.61248380711092,-8.30843152167382
"AQY BB-787","2020-08-12","2020-08-12 12:00:00","Vallejo",-122.33885,37.962904,"2020-10-30 06:00:00","2020-11-15 21:00:00",1.68330184026934,-11.2115289390477
"AQY BB-787","2020-08-12","2020-08-12 12:00:00","Vallejo",-122.33885,37.962904,"2020-11-15 22:00:00","2020-11-20 01:00:00",1.65202845731838,-10.9216644093832
"AQY BB-787","2020-08-12","2020-08-12 12:00:00","Vallejo",-122.33885,37.962904,"2020-11-20 02:00:00","2199-12-31 23:59:59",1.60385011758682,-9.63726991279454
"AQY BB-788","2020-03-05","2020-03-05 11:30:00","San Pablo - Rumrill",-122.346511,37.94755,"2019-01-01 00:00:00","2020-03-14 15:00:00",1,0
"AQY BB-788","2020-03-05","2020-03-05 11:30:00","San Pablo - Rumrill",-122.346511,37.94755,"2020-03-14 16:00:00","2020-04-16 23:00:00",1.05957973657299,2.54983856603568
"AQY BB-788","2020-03-05","2020-03-05 11:30:00","San Pablo - Rumrill",-122.346511,37.94755,"2020-04-17 00:00:00","2020-07-22 05:00:00",0.940985896580077,3.9529658281529
"AQY BB-788","2020-03-05","2020-03-05 11:30:00","San Pablo - Rumrill",-122.346511,37.94755,"2020-07-22 06:00:00","2020-08-07 21:00:00",1.03704788174098,0.876070905902164
"AQY BB-788","2020-03-05","2020-03-05 11:30:00","San Pablo - Rumrill",-122.346511,37.94755,"2020-08-07 22:00:00","2020-08-28 17:00:00",1.02899937601512,0.391791991050166
"AQY BB-788","2020-03-05","2020-03-05 11:30:00","San Pablo - Rumrill",-122.346511,37.94755,"2020-08-28 18:00:00","2020-09-18 13:00:00",0.956576919138849,0.391991413606238
"AQY BB-788","2020-03-05","2020-03-05 11:30:00","San Pablo - Rumrill",-122.346511,37.94755,"2020-09-18 14:00:00","2020-10-05 05:00:00",0.993602999520886,-2.58901504420467
"AQY BB-788","2020-03-05","2020-03-05 11:30:00","San Pablo - Rumrill",-122.346511,37.94755,"2020-10-05 06:00:00","2020-11-07 13:00:00",0.984232228467935,-3.98758673260719
"AQY BB-788","2020-03-05","2020-03-05 11:30:00","San Pablo - Rumrill",-122.346511,37.94755,"2020-11-07 14:00:00","2020-11-20 01:00:00",0.775254634128413,-1.75553629903589
"AQY BB-788","2020-03-05","2020-03-05 11:30:00","San Pablo - Rumrill",-122.346511,37.94755,"2020-11-20 02:00:00","2199-12-31 23:59:59",0.778547497174964,-4.24562085417073
"AQY BB-789","2020-08-12","2020-08-12 08:30:00","San Leandro",-122.33137,37.924758,"2019-01-01 00:00:00","2199-12-31 23:59:59",1,0
"AQY BB-790","2020-08-12","2020-08-12 10:00:00","San Leandro",-122.358723,37.927592,"2019-01-01 00:00:00","2199-12-31 23:59:59",1,0
"AQY BB-791","2020-08-12","2020-08-12 13:00:00","San Pablo - Rumrill",-122.349434,37.958849,"2019-01-01 00:00:00","2020-10-17 17:00:00",1,0
"AQY BB-791","2020-08-12","2020-08-12 13:00:00","San Pablo - Rumrill",-122.349434,37.958849,"2020-10-17 18:00:00","2020-10-21 21:00:00",0.826892804245919,4.53300183483025
"AQY BB-791","2020-08-12","2020-08-12 13:00:00","San Pablo - Rumrill",-122.349434,37.958849,"2020-10-21 22:00:00","2020-10-26 01:00:00",0.74973372004103,8.19793023709444
"AQY BB-791","2020-08-12","2020-08-12 13:00:00","San Pablo - Rumrill",-122.349434,37.958849,"2020-10-26 02:00:00","2020-10-30 05:00:00",0.736312688697054,11.6834419206201
"AQY BB-791","2020-08-12","2020-08-12 13:00:00","San Pablo - Rumrill",-122.349434,37.958849,"2020-10-30 06:00:00","2020-11-03 09:00:00",0.758201523982683,14.5081492425348
"AQY BB-791","2020-08-12","2020-08-12 13:00:00","San Pablo - Rumrill",-122.349434,37.958849,"2020-11-03 10:00:00","2020-11-07 13:00:00",0.827560123095373,16.696543442712
"AQY BB-791","2020-08-12","2020-08-12 13:00:00","San Pablo - Rumrill",-122.349434,37.958849,"2020-11-07 14:00:00","2020-11-11 17:00:00",0.998725847773294,18.0144356273044
"AQY BB-791","2020-08-12","2020-08-12 13:00:00","San Pablo - Rumrill",-122.349434,37.958849,"2020-11-11 18:00:00","2020-11-15 21:00:00",1.22571334194547,19.8385605740273
"AQY BB-791","2020-08-12","2020-08-12 13:00:00","San Pablo - Rumrill",-122.349434,37.958849,"2020-11-15 22:00:00","2020-11-20 01:00:00",3.97774734680912,15.0499131319854
"AQY BB-791","2020-08-12","2020-08-12 13:00:00","San Pablo - Rumrill",-122.349434,37.958849,"2020-11-20 02:00:00","2020-11-24 05:00:00",3.81536511782409,12.3360597493518
"AQY BB-791","2020-08-12","2020-08-12 13:00:00","San Pablo - Rumrill",-122.349434,37.958849,"2020-11-24 06:00:00","2020-11-28 09:00:00",2.48455558540986,12.4313672645168
"AQY BB-791","2020-08-12","2020-08-12 13:00:00","San Pablo - Rumrill",-122.349434,37.958849,"2020-11-28 10:00:00","2020-12-02 13:00:00",1.3274034286853,11.8938715609921
"AQY BB-791","2020-08-12","2020-08-12 13:00:00","San Pablo - Rumrill",-122.349434,37.958849,"2020-12-02 14:00:00","2199-12-31 23:59:59",1.01678781813418,9.41801539006791
"AQY BB-792","2020-08-14","2020-08-14 11:00:00","Concord",-122.335447,37.994871,"2019-01-01 00:00:00","2020-08-16 05:00:00",1,0
"AQY BB-792","2020-08-14","2020-08-14 11:00:00","Concord",-122.335447,37.994871,"2020-08-16 06:00:00","2020-08-28 17:00:00",2.20699999723873,-11.4215182247113
"AQY BB-792","2020-08-14","2020-08-14 11:00:00","Concord",-122.335447,37.994871,"2020-08-28 18:00:00","2020-09-01 21:00:00",1.91215332405069,-5.34617237323286
"AQY BB-792","2020-08-14","2020-08-14 11:00:00","Concord",-122.335447,37.994871,"2020-09-01 22:00:00","2020-09-10 05:00:00",1.76654172689659,-6.01473390036148
"AQY BB-792","2020-08-14","2020-08-14 11:00:00","Concord",-122.335447,37.994871,"2020-09-10 06:00:00","2020-09-22 17:00:00",1.70380050147713,-8.16192237298326
"AQY BB-792","2020-08-14","2020-08-14 11:00:00","Concord",-122.335447,37.994871,"2020-09-22 18:00:00","2020-10-05 05:00:00",1.79076738383526,-22.6202791407211
"AQY BB-792","2020-08-14","2020-08-14 11:00:00","Concord",-122.335447,37.994871,"2020-10-05 06:00:00","2020-10-26 01:00:00",1.72633982560273,-25.2057342551692
"AQY BB-792","2020-08-14","2020-08-14 11:00:00","Concord",-122.335447,37.994871,"2020-10-26 02:00:00","2020-11-07 13:00:00",1.46497827559412,-22.0420335907935
"AQY BB-792","2020-08-14","2020-08-14 11:00:00","Concord",-122.335447,37.994871,"2020-11-07 14:00:00","2199-12-31 23:59:59",1.19191321480791,-16.4085648249804
"AQY BB-793","2020-03-13","2020-03-13 15:00:00","San Leandro",-122.315955,37.915453,"2019-01-01 00:00:00","2199-12-31 23:59:59",1,0
"AQY BB-794","2020-03-19","2020-03-19 10:00:00","Vallejo",-122.332639,37.946713,"2019-01-01 00:00:00","2020-08-07 21:00:00",1,0
"AQY BB-794","2020-03-19","2020-03-19 10:00:00","Vallejo",-122.332639,37.946713,"2020-08-07 22:00:00","2020-08-16 05:00:00",1.58560535697539,-28.5955097504476
"AQY BB-794","2020-03-19","2020-03-19 10:00:00","Vallejo",-122.332639,37.946713,"2020-08-16 06:00:00","2020-10-26 01:00:00",1.61026914512793,-26.3444991067208
"AQY BB-794","2020-03-19","2020-03-19 10:00:00","Vallejo",-122.332639,37.946713,"2020-10-26 02:00:00","2020-10-30 05:00:00",1.35860357929825,-16.4459907036872
"AQY BB-794","2020-03-19","2020-03-19 10:00:00","Vallejo",-122.332639,37.946713,"2020-10-30 06:00:00","2020-11-28 09:00:00",1.37344452998395,-19.3837122356166
"AQY BB-794","2020-03-19","2020-03-19 10:00:00","Vallejo",-122.332639,37.946713,"2020-11-28 10:00:00","2199-12-31 23:59:59",1.29166557469749,-19.7787389230791
"AQY BB-795","2020-03-06","2020-03-06 16:00:00","San Ramon",-122.284784,37.975904,"2019-01-01 00:00:00","2020-08-07 21:00:00",1,0
"AQY BB-795","2020-03-06","2020-03-06 16:00:00","San Ramon",-122.284784,37.975904,"2020-08-07 22:00:00","2020-08-12 01:00:00",2.02123330870413,-31.3069157411527
"AQY BB-795","2020-03-06","2020-03-06 16:00:00","San Ramon",-122.284784,37.975904,"2020-08-12 02:00:00","2020-08-16 05:00:00",2.40724982371178,-47.5860201704247
"AQY BB-795","2020-03-06","2020-03-06 16:00:00","San Ramon",-122.284784,37.975904,"2020-08-16 06:00:00","2020-08-28 17:00:00",1.45139744840519,-15.8056138675205
"AQY BB-795","2020-03-06","2020-03-06 16:00:00","San Ramon",-122.284784,37.975904,"2020-08-28 18:00:00","2020-09-22 17:00:00",1.37851677578724,-11.033045311647
"AQY BB-795","2020-03-06","2020-03-06 16:00:00","San Ramon",-122.284784,37.975904,"2020-09-22 18:00:00","2020-10-21 21:00:00",1.29852039526659,-16.0335124866335
"AQY BB-795","2020-03-06","2020-03-06 16:00:00","San Ramon",-122.284784,37.975904,"2020-10-21 22:00:00","2020-10-26 01:00:00",1.29654024063997,-17.052524224239
"AQY BB-795","2020-03-06","2020-03-06 16:00:00","San Ramon",-122.284784,37.975904,"2020-10-26 02:00:00","2020-10-30 05:00:00",1.21684856855143,-16.1221049587817
"AQY BB-795","2020-03-06","2020-03-06 16:00:00","San Ramon",-122.284784,37.975904,"2020-10-30 06:00:00","2020-11-07 13:00:00",1.15173009218142,-16.4446556529116
"AQY BB-795","2020-03-06","2020-03-06 16:00:00","San Ramon",-122.284784,37.975904,"2020-11-07 14:00:00","2020-11-28 09:00:00",1.09230859556024,-18.4875033056696
"AQY BB-795","2020-03-06","2020-03-06 16:00:00","San Ramon",-122.284784,37.975904,"2020-11-28 10:00:00","2020-12-02 13:00:00",1.04873106706348,-19.456891697223
"AQY BB-795","2020-03-06","2020-03-06 16:00:00","San Ramon",-122.284784,37.975904,"2020-12-02 14:00:00","2020-12-06 17:00:00",0.993212965346277,-17.5789091963858
"AQY BB-795","2020-03-06","2020-03-06 16:00:00","San Ramon",-122.284784,37.975904,"2020-12-06 18:00:00","2199-12-31 23:59:59",1.01455426383773,-19.7757862940192
"AQY BB-796","2020-07-24","2020-07-24 14:30:00","San Ramon",-122.305837,37.979566,"2019-01-01 00:00:00","2020-08-07 21:00:00",1,0
"AQY BB-796","2020-07-24","2020-07-24 14:30:00","San Ramon",-122.305837,37.979566,"2020-08-07 22:00:00","2020-08-16 05:00:00",3.2066868412157,-38.4953716265942
"AQY BB-796","2020-07-24","2020-07-24 14:30:00","San Ramon",-122.305837,37.979566,"2020-08-16 06:00:00","2020-09-14 09:00:00",2.50655218225244,-27.051177356155
"AQY BB-796","2020-07-24","2020-07-24 14:30:00","San Ramon",-122.305837,37.979566,"2020-09-14 10:00:00","2020-10-26 01:00:00",2.11608134679435,-13.6896217406428
"AQY BB-796","2020-07-24","2020-07-24 14:30:00","San Ramon",-122.305837,37.979566,"2020-10-26 02:00:00","2020-10-30 05:00:00",2.14708207075979,-13.7626122270871
"AQY BB-796","2020-07-24","2020-07-24 14:30:00","San Ramon",-122.305837,37.979566,"2020-10-30 06:00:00","2020-11-07 13:00:00",1.92005856056955,-12.2439970860487
"AQY BB-796","2020-07-24","2020-07-24 14:30:00","San Ramon",-122.305837,37.979566,"2020-11-07 14:00:00","2020-11-28 09:00:00",1.75439313268857,-13.8250912029825
"AQY BB-796","2020-07-24","2020-07-24 14:30:00","San Ramon",-122.305837,37.979566,"2020-11-28 10:00:00","2199-12-31 23:59:59",1.78337691371803,-16.7545154174212
"AQY BB-797","2020-08-14","2020-08-14 13:00:00","Concord",-122.287926,37.968896,"2019-01-01 00:00:00","2020-08-16 05:00:00",1,0
"AQY BB-797","2020-08-14","2020-08-14 13:00:00","Concord",-122.287926,37.968896,"2020-08-16 06:00:00","2020-08-28 17:00:00",1.63834044026054,-6.98867465720875
"AQY BB-797","2020-08-14","2020-08-14 13:00:00","Concord",-122.287926,37.968896,"2020-08-28 18:00:00","2020-09-01 21:00:00",1.67296591547105,-8.22005523800492
"AQY BB-797","2020-08-14","2020-08-14 13:00:00","Concord",-122.287926,37.968896,"2020-09-01 22:00:00","2020-09-06 01:00:00",1.60631222684743,-9.78744587946826
"AQY BB-797","2020-08-14","2020-08-14 13:00:00","Concord",-122.287926,37.968896,"2020-09-06 02:00:00","2020-09-10 05:00:00",1.49494755147578,-8.37607693093459
"AQY BB-797","2020-08-14","2020-08-14 13:00:00","Concord",-122.287926,37.968896,"2020-09-10 06:00:00","2020-09-14 09:00:00",1.49821462479971,-10.8747055815255
"AQY BB-797","2020-08-14","2020-08-14 13:00:00","Concord",-122.287926,37.968896,"2020-09-14 10:00:00","2020-09-22 17:00:00",1.59333945673926,-17.2136014098042
"AQY BB-797","2020-08-14","2020-08-14 13:00:00","Concord",-122.287926,37.968896,"2020-09-22 18:00:00","2020-10-09 09:00:00",1.71937016707022,-28.0745856515375
"AQY BB-797","2020-08-14","2020-08-14 13:00:00","Concord",-122.287926,37.968896,"2020-10-09 10:00:00","2020-10-30 05:00:00",1.88140464267282,-31.8480694520823
"AQY BB-797","2020-08-14","2020-08-14 13:00:00","Concord",-122.287926,37.968896,"2020-10-30 06:00:00","2020-11-07 13:00:00",1.75778280085802,-23.6916927977969
"AQY BB-797","2020-08-14","2020-08-14 13:00:00","Concord",-122.287926,37.968896,"2020-11-07 14:00:00","2020-11-28 09:00:00",1.68323941772388,-25.7813969192916
"AQY BB-797","2020-08-14","2020-08-14 13:00:00","Concord",-122.287926,37.968896,"2020-11-28 10:00:00","2020-12-02 13:00:00",1.87478356574496,-35.605403078894
"AQY BB-797","2020-08-14","2020-08-14 13:00:00","Concord",-122.287926,37.968896,"2020-12-02 14:00:00","2020-12-06 17:00:00",1.88368509088635,-35.712362048156
"AQY BB-797","2020-08-14","2020-08-14 13:00:00","Concord",-122.287926,37.968896,"2020-12-06 18:00:00","2020-12-23 09:00:00",1.89088832189304,-37.4008945997233
"AQY BB-797","2020-08-14","2020-08-14 13:00:00","Concord",-122.287926,37.968896,"2020-12-23 10:00:00","2199-12-31 23:59:59",1.87260961494221,-39.832353177795
"AQY BB-798","2020-03-12","2020-03-12 13:30:00","San Pablo - Rumrill",-122.366437,37.965249,"2019-01-01 00:00:00","2020-03-14 15:00:00",1,0
"AQY BB-798","2020-03-12","2020-03-12 13:30:00","San Pablo - Rumrill",-122.366437,37.965249,"2020-03-14 16:00:00","2020-03-18 19:00:00",0.766849524380707,11.8156698583467
"AQY BB-798","2020-03-12","2020-03-12 13:30:00","San Pablo - Rumrill",-122.366437,37.965249,"2020-03-18 20:00:00","2020-04-16 23:00:00",0.915305335211096,6.06734673255915
"AQY BB-798","2020-03-12","2020-03-12 13:30:00","San Pablo - Rumrill",-122.366437,37.965249,"2020-04-17 00:00:00","2020-05-29 01:00:00",0.863521884178923,5.18145346952752
"AQY BB-798","2020-03-12","2020-03-12 13:30:00","San Pablo - Rumrill",-122.366437,37.965249,"2020-05-29 02:00:00","2020-06-23 01:00:00",0.974264836659181,0.297678487401914
"AQY BB-798","2020-03-12","2020-03-12 13:30:00","San Pablo - Rumrill",-122.366437,37.965249,"2020-06-23 02:00:00","2020-08-03 17:00:00",0.974830230925945,-2.46113841136165
"AQY BB-798","2020-03-12","2020-03-12 13:30:00","San Pablo - Rumrill",-122.366437,37.965249,"2020-08-03 18:00:00","2020-08-07 21:00:00",1.24920012876109,-12.0915428715596
"AQY BB-798","2020-03-12","2020-03-12 13:30:00","San Pablo - Rumrill",-122.366437,37.965249,"2020-08-07 22:00:00","2020-09-01 21:00:00",1.10760985897809,-9.24527376522337
"AQY BB-798","2020-03-12","2020-03-12 13:30:00","San Pablo - Rumrill",-122.366437,37.965249,"2020-09-01 22:00:00","2020-09-10 05:00:00",1.29561464571338,-13.9871869102489
"AQY BB-798","2020-03-12","2020-03-12 13:30:00","San Pablo - Rumrill",-122.366437,37.965249,"2020-09-10 06:00:00","2020-09-18 13:00:00",1.51686436141145,-18.6150757427767
"AQY BB-798","2020-03-12","2020-03-12 13:30:00","San Pablo - Rumrill",-122.366437,37.965249,"2020-09-18 14:00:00","2020-10-01 01:00:00",1.67336493707579,-19.9015831471682
"AQY BB-798","2020-03-12","2020-03-12 13:30:00","San Pablo - Rumrill",-122.366437,37.965249,"2020-10-01 02:00:00","2020-12-15 01:00:00",1.85925286760815,-21.8596538762671
"AQY BB-798","2020-03-12","2020-03-12 13:30:00","San Pablo - Rumrill",-122.366437,37.965249,"2020-12-15 02:00:00","2199-12-31 23:59:59",1.73371588859889,-20.6640733056011
"AQY BB-799","2020-07-20","2020-07-20 14:30:00","San Leandro",-122.356242,37.920952,"2019-01-01 00:00:00","2199-12-31 23:59:59",1,0
"AQY BB-800","2020-10-06","2020-10-06 10:50:00","San Leandro",-122.364609,37.942987,"2019-01-01 00:00:00","2199-12-31 23:59:59",1,0
"AQY BB-801","2020-05-11","2020-05-11 11:00:00","San Pablo - Rumrill",-122.33952,37.971666,"2019-01-01 00:00:00","2020-05-12 09:00:00",1,0
"AQY BB-801","2020-05-11","2020-05-11 11:00:00","San Pablo - Rumrill",-122.33952,37.971666,"2020-05-12 10:00:00","2020-05-16 13:00:00",0.445542560564939,32.5243808605105
"AQY BB-801","2020-05-11","2020-05-11 11:00:00","San Pablo - Rumrill",-122.33952,37.971666,"2020-05-16 14:00:00","2020-05-20 17:00:00",1.87115034620232,27.435264413544
"AQY BB-801","2020-05-11","2020-05-11 11:00:00","San Pablo - Rumrill",-122.33952,37.971666,"2020-05-20 18:00:00","2020-05-24 21:00:00",0.69241579545236,23.0865227952201
"AQY BB-801","2020-05-11","2020-05-11 11:00:00","San Pablo - Rumrill",-122.33952,37.971666,"2020-05-24 22:00:00","2020-05-29 01:00:00",0.628312525753647,19.7010705404214
"AQY BB-801","2020-05-11","2020-05-11 11:00:00","San Pablo - Rumrill",-122.33952,37.971666,"2020-05-29 02:00:00","2020-06-02 05:00:00",0.648368806768654,17.2840947197669
"AQY BB-801","2020-05-11","2020-05-11 11:00:00","San Pablo - Rumrill",-122.33952,37.971666,"2020-06-02 06:00:00","2020-06-06 09:00:00",0.640270756569134,15.9365963433037
"AQY BB-801","2020-05-11","2020-05-11 11:00:00","San Pablo - Rumrill",-122.33952,37.971666,"2020-06-06 10:00:00","2020-06-10 13:00:00",0.656064074914256,14.8383562259126
"AQY BB-801","2020-05-11","2020-05-11 11:00:00","San Pablo - Rumrill",-122.33952,37.971666,"2020-06-10 14:00:00","2020-06-14 17:00:00",0.685780995625128,13.2508262135402
"AQY BB-801","2020-05-11","2020-05-11 11:00:00","San Pablo - Rumrill",-122.33952,37.971666,"2020-06-14 18:00:00","2020-06-18 21:00:00",1.12213441172473,-1.32195069420719
"AQY BB-801","2020-05-11","2020-05-11 11:00:00","San Pablo - Rumrill",-122.33952,37.971666,"2020-06-18 22:00:00","2020-06-23 01:00:00",1.99760484335134,-28.0832161755198
"AQY BB-801","2020-05-11","2020-05-11 11:00:00","San Pablo - Rumrill",-122.33952,37.971666,"2020-06-23 02:00:00","2020-06-27 05:00:00",1.973247722128,-28.4195143603702
"AQY BB-801","2020-05-11","2020-05-11 11:00:00","San Pablo - Rumrill",-122.33952,37.971666,"2020-06-27 06:00:00","2020-07-01 09:00:00",1.99188506169701,-30.1785488347326
"AQY BB-801","2020-05-11","2020-05-11 11:00:00","San Pablo - Rumrill",-122.33952,37.971666,"2020-07-01 10:00:00","2020-07-05 13:00:00",1.90474510550355,-28.7920656384393
"AQY BB-801","2020-05-11","2020-05-11 11:00:00","San Pablo - Rumrill",-122.33952,37.971666,"2020-07-05 14:00:00","2020-07-13 21:00:00",1.67422624244525,-23.391849269812
"AQY BB-801","2020-05-11","2020-05-11 11:00:00","San Pablo - Rumrill",-122.33952,37.971666,"2020-07-13 22:00:00","2020-07-18 01:00:00",1.56009469112443,-21.8096597839427
"AQY BB-801","2020-05-11","2020-05-11 11:00:00","San Pablo - Rumrill",-122.33952,37.971666,"2020-07-18 02:00:00","2020-07-22 05:00:00",1.47860012231828,-20.1749523989923
"AQY BB-801","2020-05-11","2020-05-11 11:00:00","San Pablo - Rumrill",-122.33952,37.971666,"2020-07-22 06:00:00","2020-07-26 09:00:00",1.44395797567327,-19.8223430453935
"AQY BB-801","2020-05-11","2020-05-11 11:00:00","San Pablo - Rumrill",-122.33952,37.971666,"2020-07-26 10:00:00","2020-08-07 21:00:00",1.44554516328483,-20.3118688730047
"AQY BB-801","2020-05-11","2020-05-11 11:00:00","San Pablo - Rumrill",-122.33952,37.971666,"2020-08-07 22:00:00","2020-08-20 09:00:00",1.29363690966785,-16.8776617580207
"AQY BB-801","2020-05-11","2020-05-11 11:00:00","San Pablo - Rumrill",-122.33952,37.971666,"2020-08-20 10:00:00","2020-10-05 05:00:00",1.10549795778399,-11.054569443779
"AQY BB-801","2020-05-11","2020-05-11 11:00:00","San Pablo - Rumrill",-122.33952,37.971666,"2020-10-05 06:00:00","2020-10-26 01:00:00",1.21985251580774,-10.8896939213159
"AQY BB-801","2020-05-11","2020-05-11 11:00:00","San Pablo - Rumrill",-122.33952,37.971666,"2020-10-26 02:00:00","2020-11-20 01:00:00",1.07994671159553,-4.12871067011403
"AQY BB-801","2020-05-11","2020-05-11 11:00:00","San Pablo - Rumrill",-122.33952,37.971666,"2020-11-20 02:00:00","2020-12-10 21:00:00",1.1431333734275,-4.20979724273968
"AQY BB-801","2020-05-11","2020-05-11 11:00:00","San Pablo - Rumrill",-122.33952,37.971666,"2020-12-10 22:00:00","2020-12-15 01:00:00",1.35525384421522,-12.1366179085709
"AQY BB-801","2020-05-11","2020-05-11 11:00:00","San Pablo - Rumrill",-122.33952,37.971666,"2020-12-15 02:00:00","2199-12-31 23:59:59",1.46055721957618,-13.0105894370059
"AQY BB-802","2020-08-13","2020-08-13 12:00:00","Livermore - Rincon",-122.303358,37.985959,"2019-01-01 00:00:00","2020-08-16 05:00:00",1,0
"AQY BB-802","2020-08-13","2020-08-13 12:00:00","Livermore - Rincon",-122.303358,37.985959,"2020-08-16 06:00:00","2020-08-28 17:00:00",2.09722341364052,-5.98036166323359
"AQY BB-802","2020-08-13","2020-08-13 12:00:00","Livermore - Rincon",-122.303358,37.985959,"2020-08-28 18:00:00","2020-09-01 21:00:00",2.17466718094647,-8.58120243403185
"AQY BB-802","2020-08-13","2020-08-13 12:00:00","Livermore - Rincon",-122.303358,37.985959,"2020-09-01 22:00:00","2020-09-06 01:00:00",2.11643716861511,-11.158277536005
"AQY BB-802","2020-08-13","2020-08-13 12:00:00","Livermore - Rincon",-122.303358,37.985959,"2020-09-06 02:00:00","2020-09-10 05:00:00",1.98355901651838,-10.9734614769401
"AQY BB-802","2020-08-13","2020-08-13 12:00:00","Livermore - Rincon",-122.303358,37.985959,"2020-09-10 06:00:00","2020-09-18 13:00:00",2.01272560369215,-14.0181179006932
"AQY BB-802","2020-08-13","2020-08-13 12:00:00","Livermore - Rincon",-122.303358,37.985959,"2020-09-18 14:00:00","2020-09-22 17:00:00",2.02306044685307,-18.0049501334323
"AQY BB-802","2020-08-13","2020-08-13 12:00:00","Livermore - Rincon",-122.303358,37.985959,"2020-09-22 18:00:00","2020-10-01 01:00:00",2.21089886544406,-26.5796520634961
"AQY BB-802","2020-08-13","2020-08-13 12:00:00","Livermore - Rincon",-122.303358,37.985959,"2020-10-01 02:00:00","2020-10-13 13:00:00",2.1847676088108,-28.2691382806541
"AQY BB-802","2020-08-13","2020-08-13 12:00:00","Livermore - Rincon",-122.303358,37.985959,"2020-10-13 14:00:00","2020-10-21 21:00:00",2.41910422404793,-34.2193974638978
"AQY BB-802","2020-08-13","2020-08-13 12:00:00","Livermore - Rincon",-122.303358,37.985959,"2020-10-21 22:00:00","2020-10-26 01:00:00",2.5884597346414,-41.4358074607688
"AQY BB-802","2020-08-13","2020-08-13 12:00:00","Livermore - Rincon",-122.303358,37.985959,"2020-10-26 02:00:00","2020-10-30 05:00:00",2.58133072808468,-42.362643367543
"AQY BB-802","2020-08-13","2020-08-13 12:00:00","Livermore - Rincon",-122.303358,37.985959,"2020-10-30 06:00:00","2020-12-10 21:00:00",2.54928875365132,-43.5311263061192
"AQY BB-802","2020-08-13","2020-08-13 12:00:00","Livermore - Rincon",-122.303358,37.985959,"2020-12-10 22:00:00","2199-12-31 23:59:59",2.1574517624581,-32.8325768745756
"AQY BB-804","2020-09-17","2020-09-17 11:50:00","Vallejo",-122.337568,37.933887,"2019-01-01 00:00:00","2020-09-26 21:00:00",1,0
"AQY BB-804","2020-09-17","2020-09-17 11:50:00","Vallejo",-122.337568,37.933887,"2020-09-26 22:00:00","2020-10-05 05:00:00",1.55298084642728,-11.3885736534337
"AQY BB-804","2020-09-17","2020-09-17 11:50:00","Vallejo",-122.337568,37.933887,"2020-10-05 06:00:00","2020-10-26 01:00:00",1.6214397703093,-12.5405183883083
"AQY BB-804","2020-09-17","2020-09-17 11:50:00","Vallejo",-122.337568,37.933887,"2020-10-26 02:00:00","2020-10-30 05:00:00",1.56060643340135,-12.6818095176146
"AQY BB-804","2020-09-17","2020-09-17 11:50:00","Vallejo",-122.337568,37.933887,"2020-10-30 06:00:00","2020-12-23 09:00:00",1.64897363373206,-16.8485215691741
"AQY BB-804","2020-09-17","2020-09-17 11:50:00","Vallejo",-122.337568,37.933887,"2020-12-23 10:00:00","2199-12-31 23:59:59",1.22616112234384,-9.6174486916462
"AQY BB-805","2020-03-05","2020-03-05 14:30:00","San Pablo - Rumrill",-122.379561,37.912533,"2019-01-01 00:00:00","2020-03-31 07:00:00",1,0
"AQY BB-805","2020-03-05","2020-03-05 14:30:00","San Pablo - Rumrill",-122.379561,37.912533,"2020-03-31 08:00:00","2020-07-01 09:00:00",1.1466021587959,-4.10000928485823
"AQY BB-805","2020-03-05","2020-03-05 14:30:00","San Pablo - Rumrill",-122.379561,37.912533,"2020-07-01 10:00:00","2020-07-13 21:00:00",1.13897390592057,-4.21628175278143
"AQY BB-805","2020-03-05","2020-03-05 14:30:00","San Pablo - Rumrill",-122.379561,37.912533,"2020-07-13 22:00:00","2020-07-18 01:00:00",1.06657772529032,-4.18525506110148
"AQY BB-805","2020-03-05","2020-03-05 14:30:00","San Pablo - Rumrill",-122.379561,37.912533,"2020-07-18 02:00:00","2020-07-22 05:00:00",1.04339068586712,-4.23512092391304
"AQY BB-805","2020-03-05","2020-03-05 14:30:00","San Pablo - Rumrill",-122.379561,37.912533,"2020-07-22 06:00:00","2020-07-26 09:00:00",1.05950436595176,-5.17347963238643
"AQY BB-805","2020-03-05","2020-03-05 14:30:00","San Pablo - Rumrill",-122.379561,37.912533,"2020-07-26 10:00:00","2020-08-07 21:00:00",1.0925677821536,-6.45585494021812
"AQY BB-805","2020-03-05","2020-03-05 14:30:00","San Pablo - Rumrill",-122.379561,37.912533,"2020-08-07 22:00:00","2020-08-28 17:00:00",1.05361907582632,-6.49519626089284
"AQY BB-805","2020-03-05","2020-03-05 14:30:00","San Pablo - Rumrill",-122.379561,37.912533,"2020-08-28 18:00:00","2020-09-18 13:00:00",1.04510330038747,-7.71386942311777
"AQY BB-805","2020-03-05","2020-03-05 14:30:00","San Pablo - Rumrill",-122.379561,37.912533,"2020-09-18 14:00:00","2020-09-22 17:00:00",1.14901197189753,-12.8444282666656
"AQY BB-805","2020-03-05","2020-03-05 14:30:00","San Pablo - Rumrill",-122.379561,37.912533,"2020-09-22 18:00:00","2020-10-05 05:00:00",1.15695816612034,-14.4858448301832
"AQY BB-805","2020-03-05","2020-03-05 14:30:00","San Pablo - Rumrill",-122.379561,37.912533,"2020-10-05 06:00:00","2020-10-21 21:00:00",1.13284680027696,-15.5302383427398
"AQY BB-805","2020-03-05","2020-03-05 14:30:00","San Pablo - Rumrill",-122.379561,37.912533,"2020-10-21 22:00:00","2020-11-20 01:00:00",0.999762090857012,-14.2729716659357
"AQY BB-805","2020-03-05","2020-03-05 14:30:00","San Pablo - Rumrill",-122.379561,37.912533,"2020-11-20 02:00:00","2199-12-31 23:59:59",1.02082253250234,-17.9103745535978
"AQY BB-806","2020-05-12","2020-05-12 11:00:00","Vallejo",-122.364858,37.948007,"2019-01-01 00:00:00","2020-08-07 21:00:00",1,0
"AQY BB-806","2020-05-12","2020-05-12 11:00:00","Vallejo",-122.364858,37.948007,"2020-08-07 22:00:00","2020-08-20 09:00:00",1.45514575507656,-6.74854385810944
"AQY BB-806","2020-05-12","2020-05-12 11:00:00","Vallejo",-122.364858,37.948007,"2020-08-20 10:00:00","2020-08-28 17:00:00",1.45194241958498,-1.45727427050614
"AQY BB-806","2020-05-12","2020-05-12 11:00:00","Vallejo",-122.364858,37.948007,"2020-08-28 18:00:00","2020-10-26 01:00:00",1.46250221886097,-0.973163313993883
"AQY BB-806","2020-05-12","2020-05-12 11:00:00","Vallejo",-122.364858,37.948007,"2020-10-26 02:00:00","2020-10-30 05:00:00",1.36555267816448,-1.29439381752699
"AQY BB-806","2020-05-12","2020-05-12 11:00:00","Vallejo",-122.364858,37.948007,"2020-10-30 06:00:00","2020-11-20 01:00:00",1.40527394909843,-3.27080904953265
"AQY BB-806","2020-05-12","2020-05-12 11:00:00","Vallejo",-122.364858,37.948007,"2020-11-20 02:00:00","2020-11-28 09:00:00",1.30027268265868,-2.96219409463696
"AQY BB-806","2020-05-12","2020-05-12 11:00:00","Vallejo",-122.364858,37.948007,"2020-11-28 10:00:00","2199-12-31 23:59:59",1.28880053242882,-1.52431692422142
"AQY BB-807","2020-08-14","2020-08-14 10:00:00","San Pablo - Rumrill",-122.352474,37.952281,"2019-01-01 00:00:00","2199-12-31 23:59:59",1,0
"AQY BB-808","2020-05-11","2020-05-11 10:45:00","San Pablo - Rumrill",-122.335865,37.969085,"2019-01-01 00:00:00","2020-06-27 05:00:00",1,0
"AQY BB-808","2020-05-11","2020-05-11 10:45:00","San Pablo - Rumrill",-122.335865,37.969085,"2020-06-27 06:00:00","2020-07-13 21:00:00",0.952295274212842,-0.540030482507397
"AQY BB-808","2020-05-11","2020-05-11 10:45:00","San Pablo - Rumrill",-122.335865,37.969085,"2020-07-13 22:00:00","2020-07-18 01:00:00",0.994025666013968,-3.33201663045226
"AQY BB-808","2020-05-11","2020-05-11 10:45:00","San Pablo - Rumrill",-122.335865,37.969085,"2020-07-18 02:00:00","2020-07-22 05:00:00",0.98263026116182,-3.5984693470578
"AQY BB-808","2020-05-11","2020-05-11 10:45:00","San Pablo - Rumrill",-122.335865,37.969085,"2020-07-22 06:00:00","2020-07-26 09:00:00",1.00529801406569,-4.84190940520966
"AQY BB-808","2020-05-11","2020-05-11 10:45:00","San Pablo - Rumrill",-122.335865,37.969085,"2020-07-26 10:00:00","2020-07-30 13:00:00",1.05428052076646,-6.85265285074668
"AQY BB-808","2020-05-11","2020-05-11 10:45:00","San Pablo - Rumrill",-122.335865,37.969085,"2020-07-30 14:00:00","2020-09-14 09:00:00",1.0826407437803,-8.14940196102039
"AQY BB-808","2020-05-11","2020-05-11 10:45:00","San Pablo - Rumrill",-122.335865,37.969085,"2020-09-14 10:00:00","2020-09-18 13:00:00",1.55509304860348,-22.1198529211246
"AQY BB-808","2020-05-11","2020-05-11 10:45:00","San Pablo - Rumrill",-122.335865,37.969085,"2020-09-18 14:00:00","2020-10-09 09:00:00",1.64766633754523,-25.0394497364619
"AQY BB-808","2020-05-11","2020-05-11 10:45:00","San Pablo - Rumrill",-122.335865,37.969085,"2020-10-09 10:00:00","2020-10-13 13:00:00",1.87954516737911,-31.2408953219482
"AQY BB-808","2020-05-11","2020-05-11 10:45:00","San Pablo - Rumrill",-122.335865,37.969085,"2020-10-13 14:00:00","2199-12-31 23:59:59",2.03964893397938,-37.1360680055766
"AQY BB-809","2020-03-03","2020-03-03 11:15:00","San Leandro",-122.323812,37.935882,"2019-01-01 00:00:00","2199-12-31 23:59:59",1,0
"AQY BB-810","2020-08-12","2020-08-12 14:00:00","San Pablo - Rumrill",-122.353068,37.970754,"2019-01-01 00:00:00","2020-08-20 09:00:00",1,0
"AQY BB-810","2020-08-12","2020-08-12 14:00:00","San Pablo - Rumrill",-122.353068,37.970754,"2020-08-20 10:00:00","2020-08-24 13:00:00",1.15715986590887,-1.76569999921222
"AQY BB-810","2020-08-12","2020-08-12 14:00:00","San Pablo - Rumrill",-122.353068,37.970754,"2020-08-24 14:00:00","2020-08-28 17:00:00",1.04122026605719,-1.89510775044833
"AQY BB-810","2020-08-12","2020-08-12 14:00:00","San Pablo - Rumrill",-122.353068,37.970754,"2020-08-28 18:00:00","2020-09-14 09:00:00",0.892322612955088,0.0357175631412936
"AQY BB-810","2020-08-12","2020-08-12 14:00:00","San Pablo - Rumrill",-122.353068,37.970754,"2020-09-14 10:00:00","2020-09-22 17:00:00",1.06550487413986,-5.62630655930982
"AQY BB-810","2020-08-12","2020-08-12 14:00:00","San Pablo - Rumrill",-122.353068,37.970754,"2020-09-22 18:00:00","2020-11-20 01:00:00",1.12022617887724,-8.78800804551506
"AQY BB-810","2020-08-12","2020-08-12 14:00:00","San Pablo - Rumrill",-122.353068,37.970754,"2020-11-20 02:00:00","2020-12-15 01:00:00",1.3579473613884,-15.2007692345025
"AQY BB-810","2020-08-12","2020-08-12 14:00:00","San Pablo - Rumrill",-122.353068,37.970754,"2020-12-15 02:00:00","2020-12-19 05:00:00",1.43368679147724,-19.4326239850329
"AQY BB-810","2020-08-12","2020-08-12 14:00:00","San Pablo - Rumrill",-122.353068,37.970754,"2020-12-19 06:00:00","2199-12-31 23:59:59",1.4950677596499,-21.4377220115482
"AQY BB-811","2020-08-13","2020-08-13 13:30:00","San Leandro",-122.349649,37.927343,"2019-01-01 00:00:00","2199-12-31 23:59:59",1,0
"AQY BE-645A","2019-12-09","2019-12-09 13:15:00","San Pablo - Rumrill",-122.326871,37.943383,"2019-01-01 00:00:00","2199-12-31 23:59:59",1,0
"AQY BE-803A","2020-03-19","2020-03-19 10:00:00","San Leandro",-122.3034,37.98596,"2019-01-01 00:00:00","2199-12-31 23:59:59",1,0
